Rk,Player,Pos,Age,Tm,G,GS,MP,FG,FGA,FG%,3P,3PA,3P%,2P,2PA,2P%,eFG%,FT,FTA,FT%,ORB,DRB,TRB,AST,STL,BLK,TOV,PF,PTS,Player-additional
1,Precious Achiuwa,C-PF,24,TOT,27,0,457,80,174,.460,13,47,.277,67,127,.528,.497,24,42,.571,53,89,142,45,16,13,29,44,197,achiupr01
1,Precious Achiuwa,C,24,TOR,25,0,437,78,170,.459,13,47,.277,65,123,.528,.497,24,42,.571,50,86,136,44,16,12,29,40,193,achiupr01
1,Precious Achiuwa,PF,24,NYK,2,0,20,2,4,.500,0,0,,2,4,.500,.500,0,0,,3,3,6,1,0,1,0,4,4,achiupr01
2,Bam Adebayo,C,26,MIA,24,24,823,188,376,.500,1,7,.143,187,369,.507,.501,144,185,.778,52,195,247,97,29,23,63,59,521,adebaba01
3,Ochai Agbaji,SG,23,UTA,35,10,729,89,196,.454,41,114,.360,48,82,.585,.559,10,14,.714,28,58,86,36,23,17,25,52,229,agbajoc01
4,Santi Aldama,PF,23,MEM,27,5,649,112,249,.450,44,125,.352,68,124,.548,.538,26,43,.605,36,117,153,49,17,18,26,44,294,aldamsa01
5,Nickeil Alexander-Walker,SG,25,MIN,33,11,742,78,187,.417,45,124,.363,33,63,.524,.537,13,19,.684,13,43,56,79,30,19,32,62,214,alexani01
6,Grayson Allen,SG,28,PHO,29,29,962,129,256,.504,69,151,.457,60,105,.571,.639,49,55,.891,25,100,125,82,29,16,41,64,376,allengr01
7,Jarrett Allen,C,25,CLE,29,29,870,174,259,.672,0,1,.000,174,258,.674,.672,71,100,.710,97,183,280,86,23,27,49,72,419,allenja01
8,Jose Alvarado,PG,25,NOP,21,0,357,53,125,.424,28,71,.394,25,54,.463,.536,15,25,.600,11,41,52,40,23,9,19,33,149,alvarjo01
9,Kyle Anderson,PF,30,MIN,33,1,755,84,184,.457,3,24,.125,81,160,.506,.465,45,66,.682,23,96,119,127,26,24,51,44,216,anderky01
10,Giannis Antetokounmpo,PF,29,MIL,34,34,1190,394,647,.609,14,59,.237,380,588,.646,.620,257,380,.676,89,298,387,198,47,41,124,97,1059,antetgi01
11,Thanasis Antetokounmpo,PF,31,MIL,14,0,58,4,9,.444,0,0,,4,9,.444,.444,0,0,,3,4,7,7,2,1,5,9,8,antetth01
12,Cole Anthony,PG,23,ORL,33,0,823,157,352,.446,44,124,.355,113,228,.496,.509,108,129,.837,38,108,146,115,25,15,59,91,466,anthoco01
13,OG Anunoby,SF,26,TOT,29,29,969,169,342,.494,65,173,.376,104,169,.615,.589,33,46,.717,29,91,120,75,32,13,45,70,436,anunoog01
13,OG Anunoby,SF,26,TOR,27,27,900,157,321,.489,61,163,.374,96,158,.608,.584,33,46,.717,24,82,106,72,28,13,43,62,408,anunoog01
13,OG Anunoby,SF,26,NYK,2,2,69,12,21,.571,4,10,.400,8,11,.727,.667,0,0,,5,9,14,3,4,0,2,8,28,anunoog01
14,Ryan Arcidiacono,PG,29,NYK,12,0,23,0,3,.000,0,3,.000,0,0,,.000,0,0,,0,5,5,3,1,0,0,1,0,arcidry01
15,Deni Avdija,SF,23,WAS,33,33,888,145,298,.487,31,90,.344,114,208,.548,.539,58,78,.744,37,159,196,127,30,11,50,71,379,avdijde01
16,Deandre Ayton,C,25,POR,24,24,760,143,261,.548,0,0,,143,261,.548,.548,28,36,.778,82,176,258,38,28,16,50,59,314,aytonde01
17,Udoka Azubuike,C,24,PHO,9,0,74,13,17,.765,0,0,,13,17,.765,.765,2,7,.286,8,15,23,2,0,6,3,11,28,azubuud01
18,Ibou Badji,C,21,POR,5,1,65,5,7,.714,0,0,,5,7,.714,.714,3,4,.750,9,11,20,2,0,8,6,18,13,badjiib01
19,Marvin Bagley III,C,24,DET,25,10,466,103,175,.589,1,6,.167,102,169,.604,.591,47,57,.825,45,69,114,26,4,14,29,38,254,baglema01
20,Amari Bailey,PG,19,CHO,2,0,11,2,6,.333,0,2,.000,2,4,.500,.333,1,2,.500,2,0,2,0,0,0,1,0,5,baileam01
21,Patrick Baldwin Jr.,SF,21,WAS,9,0,52,5,16,.313,3,7,.429,2,9,.222,.406,4,4,1.000,2,9,11,3,0,1,1,5,17,baldwpa01
22,LaMelo Ball,PG,22,CHO,15,15,501,132,298,.443,52,134,.388,80,164,.488,.530,54,63,.857,23,59,82,123,21,4,59,52,370,ballla01
23,Mo Bamba,C,25,PHI,20,0,158,29,51,.569,8,13,.615,21,38,.553,.647,12,16,.750,24,33,57,9,5,11,12,21,78,bambamo01
24,Paolo Banchero,PF,21,ORL,34,34,1173,271,583,.465,50,132,.379,221,451,.490,.508,171,243,.704,43,197,240,160,33,20,112,72,763,banchpa01
25,Desmond Bane,SG,25,MEM,33,33,1142,300,630,.476,111,290,.383,189,340,.556,.564,99,115,.861,30,119,149,171,35,19,91,95,810,banede01
26,Dalano Banton,PG,24,BOS,15,1,111,16,33,.485,1,8,.125,15,25,.600,.500,9,10,.900,11,18,29,7,2,2,8,14,42,bantoda01
27,Dominick Barlow,PF,20,SAS,12,0,101,12,30,.400,1,4,.250,11,26,.423,.417,5,8,.625,7,16,23,7,5,2,2,13,30,barlodo01
28,Harrison Barnes,PF,31,SAC,33,33,991,125,259,.483,57,143,.399,68,116,.586,.593,66,80,.825,27,72,99,43,24,6,24,44,373,barneha02
29,Scottie Barnes,SG,22,TOR,34,34,1200,265,551,.481,74,192,.385,191,359,.532,.548,109,140,.779,87,222,309,197,50,47,81,69,713,barnesc01
30,RJ Barrett,SG,23,TOT,28,28,828,175,412,.425,46,137,.336,129,275,.469,.481,111,135,.822,22,105,127,67,13,9,55,53,507,barrerj01
30,RJ Barrett,SG,23,NYK,26,26,766,164,388,.423,43,130,.331,121,258,.469,.478,103,124,.831,19,92,111,63,12,9,47,45,474,barrerj01
30,RJ Barrett,SG,23,TOR,2,2,62,11,24,.458,3,7,.429,8,17,.471,.521,8,11,.727,3,13,16,4,1,0,8,8,33,barrerj01
31,Charles Bassey,C,23,SAS,19,0,205,29,40,.725,0,1,.000,29,39,.744,.725,5,6,.833,23,53,76,21,8,17,15,31,63,bassech01
32,Emoni Bates,SF,20,CLE,10,0,76,6,25,.240,5,20,.250,1,5,.200,.340,1,2,.500,1,9,10,6,1,2,1,5,18,batesem01
33,Keita Bates-Diop,SF,28,PHO,24,8,424,43,107,.402,12,43,.279,31,64,.484,.458,25,34,.735,20,51,71,23,15,15,6,24,123,bateske01
34,Nicolas Batum,PF,35,TOT,22,15,520,45,84,.536,30,64,.469,15,20,.750,.714,8,12,.667,20,59,79,47,12,14,11,38,128,batumni01
34,Nicolas Batum,PF,35,LAC,3,0,54,3,8,.375,2,7,.286,1,1,1.000,.500,0,0,,0,7,7,5,3,4,1,5,8,batumni01
34,Nicolas Batum,PF,35,PHI,19,15,466,42,76,.553,28,57,.491,14,19,.737,.737,8,12,.667,20,52,72,42,9,10,10,33,120,batumni01
35,Bradley Beal,SG,30,PHO,10,10,291,59,126,.468,11,34,.324,48,92,.522,.512,32,39,.821,5,28,33,33,7,6,24,23,161,bealbr01
36,Malik Beasley,SG,27,MIL,33,33,976,139,285,.488,97,207,.469,42,78,.538,.658,8,12,.667,21,116,137,44,25,4,21,67,383,beaslma01
37,MarJon Beauchamp,SF,23,MIL,30,1,462,61,120,.508,23,53,.434,38,67,.567,.604,12,20,.600,18,56,74,21,9,4,21,44,157,beaucma01
38,Jules Bernard,SG,24,WAS,2,0,10,1,5,.200,0,3,.000,1,2,.500,.200,0,0,,1,0,1,1,0,0,1,1,2,bernaju01
39,Dāvis Bertāns,PF,31,OKC,11,0,82,9,23,.391,9,21,.429,0,2,.000,.587,14,15,.933,2,8,10,8,2,2,1,10,41,bertada01
40,Patrick Beverley,PG,35,PHI,32,1,553,56,127,.441,20,63,.317,36,64,.563,.520,27,36,.750,22,66,88,72,16,10,22,55,159,beverpa01
41,Saddiq Bey,SF,24,ATL,33,21,1067,152,344,.442,62,181,.343,90,163,.552,.532,58,73,.795,77,142,219,44,35,6,36,53,424,beysa01
42,Goga Bitadze,C,24,ORL,31,24,644,91,149,.611,2,7,.286,89,142,.627,.617,44,62,.710,71,116,187,51,21,53,27,70,228,bitadgo01
43,Onuralp Bitim,SG,24,CHI,1,0,3,0,0,,0,0,,0,0,,,0,0,,0,0,0,0,0,0,0,0,0,bitimon01
44,Bismack Biyombo,C,31,MEM,27,25,643,63,112,.563,0,0,,63,112,.563,.563,21,44,.477,54,119,173,44,10,31,32,75,147,biyombi01
45,Anthony Black,PG,20,ORL,32,27,662,67,132,.508,17,47,.362,50,85,.588,.572,22,35,.629,21,64,85,58,19,12,34,69,173,blackan01
46,Leaky Black,SF,24,CHO,7,0,40,5,8,.625,1,2,.500,4,6,.667,.688,0,0,,2,5,7,4,2,3,1,2,11,blackle01
47,Bogdan Bogdanović,SG,31,ATL,31,2,884,197,448,.440,105,275,.382,92,173,.532,.557,50,55,.909,15,85,100,85,38,8,30,77,549,bogdabo01
48,Bojan Bogdanović,PF,34,DET,15,14,513,107,233,.459,46,116,.397,61,117,.521,.558,45,60,.750,10,48,58,43,12,1,35,37,305,bogdabo02
49,Bol Bol,PF,24,PHO,10,0,58,13,18,.722,3,5,.600,10,13,.769,.806,2,2,1.000,6,12,18,3,1,3,6,8,31,bolbo01
50,Marques Bolden,C,25,MIL,2,0,3,0,0,,0,0,,0,0,,,0,0,,0,2,2,0,0,0,0,1,0,boldema01
51,Devin Booker,PG,27,PHO,25,25,897,225,474,.475,52,134,.388,173,340,.509,.530,166,188,.883,22,108,130,196,19,10,73,83,668,bookede01
52,Brandon Boston Jr.,SF,22,LAC,5,0,44,10,24,.417,3,12,.250,7,12,.583,.479,6,6,1.000,2,4,6,3,1,0,1,5,29,bostobr01
53,Chris Boucher,PF,31,TOR,31,0,427,62,134,.463,20,56,.357,42,78,.538,.537,42,56,.750,35,80,115,11,9,16,13,48,186,bouchch01
54,James Bouknight,SG,23,CHO,5,0,28,8,15,.533,6,11,.545,2,4,.500,.733,0,0,,1,5,6,3,0,0,1,1,22,bouknja01
55,Jamaree Bouyea,PG,24,POR,6,0,57,5,21,.238,0,8,.000,5,13,.385,.238,0,0,,2,8,10,8,0,0,8,3,10,bouyeja01
56,Malaki Branham,PG,20,SAS,33,21,736,121,277,.437,34,107,.318,87,170,.512,.498,19,21,.905,11,60,71,81,13,4,43,46,295,branhma01
57,Christian Braun,SG,22,DEN,36,0,714,109,236,.462,26,67,.388,83,169,.491,.517,50,67,.746,26,102,128,63,15,14,27,60,294,braunch01
58,Mikal Bridges,SF,27,BRK,35,35,1190,256,569,.450,71,201,.353,185,368,.503,.512,141,170,.829,34,148,182,130,31,15,81,54,724,bridgmi01
59,Miles Bridges,SF,25,CHO,21,19,766,158,350,.451,43,131,.328,115,219,.525,.513,62,72,.861,18,131,149,63,26,11,39,46,421,bridgmi02
60,Oshae Brissett,SF,25,BOS,17,0,191,18,38,.474,6,16,.375,12,22,.545,.553,10,17,.588,18,28,46,8,7,0,5,15,52,brissos01
61,Malcolm Brogdon,PG,31,POR,26,16,725,148,338,.438,58,140,.414,90,198,.455,.524,55,70,.786,18,73,91,145,20,4,36,34,409,brogdma01
62,Armoni Brooks,PG,25,BRK,10,0,104,15,46,.326,11,32,.344,4,14,.286,.446,1,2,.500,7,11,18,5,1,1,3,3,42,brookar01
63,Dillon Brooks,SF,28,HOU,28,28,866,141,296,.476,53,130,.408,88,166,.530,.566,45,54,.833,20,78,98,48,26,1,49,105,380,brookdi01
64,Bruce Brown,SG,27,IND,28,28,856,122,263,.464,27,92,.293,95,171,.556,.515,57,70,.814,20,109,129,80,30,7,35,74,328,brownbr01
65,Charlie Brown Jr.,SG,26,NYK,3,0,5,1,4,.250,1,3,.333,0,1,.000,.375,0,0,,0,0,0,0,0,0,2,0,3,brownch02
66,Greg Brown III,PF,22,DAL,5,0,28,2,6,.333,0,1,.000,2,5,.400,.333,4,9,.444,2,5,7,3,0,1,3,3,8,browngr01
67,Jaylen Brown,SF,27,BOS,31,31,1051,271,564,.480,67,195,.344,204,369,.553,.540,95,128,.742,30,129,159,113,34,18,80,87,704,brownja02
68,Kobe Brown,PF,24,LAC,22,0,234,22,54,.407,11,35,.314,11,19,.579,.509,1,2,.500,6,29,35,14,5,3,4,36,56,brownko01
69,Moses Brown,C,24,POR,9,4,82,9,21,.429,0,0,,9,21,.429,.429,0,4,.000,18,28,46,2,2,3,4,11,18,brownmo01
70,Troy Brown Jr.,SF,24,MIN,29,3,369,46,101,.455,27,70,.386,19,31,.613,.589,19,22,.864,13,51,64,27,8,2,15,23,138,browntr01
71,Jalen Brunson,PG,27,NYK,34,34,1223,310,663,.468,95,220,.432,215,443,.485,.539,160,195,.821,23,111,134,219,35,6,83,74,875,brunsja01
72,Thomas Bryant,C,26,MIA,19,3,226,40,72,.556,0,3,.000,40,69,.580,.556,17,20,.850,22,47,69,12,6,5,15,23,97,bryanth01
73,Kobe Bufkin,SG,20,ATL,2,0,4,0,3,.000,0,1,.000,0,2,.000,.000,1,2,.500,1,1,2,0,0,0,0,0,1,bufkiko01
74,Reggie Bullock,SF,32,HOU,14,0,121,10,27,.370,7,20,.350,3,7,.429,.500,1,1,1.000,2,14,16,7,1,1,3,7,28,bullore01
75,Alec Burks,SG,32,DET,27,0,515,82,227,.361,50,137,.365,32,90,.356,.471,72,81,.889,12,47,59,36,12,6,15,40,286,burksal01
76,Jared Butler,SG,23,WAS,15,0,119,24,45,.533,8,22,.364,16,23,.696,.622,12,15,.800,0,11,11,27,8,1,10,14,68,butleja02
77,Jimmy Butler,PF,34,MIA,24,24,806,156,336,.464,20,53,.377,136,283,.481,.494,171,194,.881,45,76,121,107,25,10,43,27,503,butleji01
78,Jamal Cain,PF,24,MIA,13,1,204,27,61,.443,7,24,.292,20,37,.541,.500,12,17,.706,10,17,27,3,9,4,4,16,73,cainja01
79,Kentavious Caldwell-Pope,SG,30,DEN,34,34,1095,121,264,.458,49,120,.408,72,144,.500,.551,47,53,.887,16,57,73,92,47,19,33,66,338,caldwke01
80,Toumani Camara,PF,23,POR,32,23,795,85,206,.413,27,89,.303,58,117,.496,.478,30,44,.682,64,91,155,30,33,16,36,88,227,camarto01
81,Clint Capela,C,29,ATL,32,32,841,161,272,.592,0,0,,161,272,.592,.592,61,88,.693,160,187,347,38,20,54,30,86,383,capelca01
82,Jevon Carter,PG,28,CHI,36,0,527,71,202,.351,44,131,.336,27,71,.380,.460,3,5,.600,4,22,26,45,21,11,20,43,189,carteje01
83,Wendell Carter Jr.,C,24,ORL,13,10,317,37,87,.425,13,32,.406,24,55,.436,.500,18,26,.692,20,63,83,24,4,7,16,28,105,cartewe01
84,Alex Caruso,SG,29,CHI,30,18,731,107,210,.510,49,115,.426,58,95,.611,.626,37,48,.771,33,72,105,74,38,23,43,69,300,carusal01
85,Colin Castleton,C,23,LAL,4,0,28,5,8,.625,0,0,,5,8,.625,.625,2,2,1.000,3,4,7,3,0,0,0,5,12,castlco01
86,Malcolm Cazalon,SG,22,DET,1,0,3,0,0,,0,0,,0,0,,,0,0,,0,0,0,0,0,0,0,0,0,cazalma01
87,Julian Champagnie,SF,22,SAS,27,12,389,48,120,.400,36,90,.400,12,30,.400,.550,19,23,.826,9,40,49,23,15,16,18,29,151,champju02
88,Max Christie,SG,20,LAL,25,6,444,47,120,.392,18,61,.295,29,59,.492,.467,14,18,.778,5,68,73,25,11,6,20,35,126,chrisma02
89,Sidy Cissoko,SF,19,SAS,5,0,32,1,6,.167,0,4,.000,1,2,.500,.167,4,4,1.000,0,6,6,0,3,0,1,2,6,cissosi01
90,Jordan Clarkson,SG,31,UTA,25,19,757,158,384,.411,44,143,.308,114,241,.473,.469,85,97,.876,29,64,93,131,19,3,77,39,445,clarkjo01
91,Nic Claxton,C,24,BRK,25,25,688,125,201,.622,1,1,1.000,124,200,.620,.624,39,65,.600,77,166,243,43,11,61,21,62,290,claxtni01
92,Noah Clowney,PF,19,BRK,2,0,27,6,9,.667,0,1,.000,6,8,.750,.667,2,2,1.000,3,2,5,2,0,0,1,3,14,clownno01
93,Amir Coffey,SF,26,LAC,21,6,306,29,61,.475,12,35,.343,17,26,.654,.574,13,15,.867,8,24,32,16,3,0,8,22,83,coffeam01
94,John Collins,PF,26,UTA,31,29,890,161,338,.476,44,118,.373,117,220,.532,.541,59,76,.776,70,172,242,25,18,26,47,81,425,collijo01
95,Zach Collins,C,26,SAS,31,23,810,153,309,.495,34,109,.312,119,200,.595,.550,61,77,.792,59,126,185,102,18,24,71,104,401,colliza01
96,Mike Conley,PG,36,MIN,33,33,968,126,272,.463,77,170,.453,49,102,.480,.605,46,49,.939,12,79,91,206,33,5,35,55,375,conlemi01
97,Pat Connaughton,SF,31,MIL,29,0,638,56,136,.412,32,96,.333,24,40,.600,.529,12,17,.706,23,84,107,54,14,5,19,33,156,connapa01
98,Bilal Coulibaly,SF,19,WAS,32,1,842,100,203,.493,35,88,.398,65,115,.565,.579,35,55,.636,24,108,132,57,30,22,47,67,270,coulibi01
99,Ricky Council IV,SG,22,PHI,1,0,6,0,1,.000,0,1,.000,0,0,,.000,0,0,,0,0,0,0,0,0,0,0,0,councri01
100,Robert Covington,SF-PF,33,TOT,29,6,488,43,98,.439,19,56,.339,24,42,.571,.536,22,26,.846,31,66,97,24,39,18,11,56,127,covinro01
100,Robert Covington,PF,33,LAC,3,3,69,3,9,.333,2,8,.250,1,1,1.000,.444,1,2,.500,2,6,8,7,6,2,0,7,9,covinro01
100,Robert Covington,SF,33,PHI,26,3,419,40,89,.449,17,48,.354,23,41,.561,.545,21,24,.875,29,60,89,17,33,16,11,49,118,covinro01
101,Torrey Craig,SF,33,CHI,27,7,572,59,139,.424,29,76,.382,30,63,.476,.529,18,23,.783,50,80,130,28,17,10,16,68,165,craigto01
102,Jae Crowder,PF,33,MIL,9,2,240,25,47,.532,16,31,.516,9,16,.563,.702,7,12,.583,4,31,35,15,7,3,4,14,73,crowdja01
103,Cade Cunningham,PG,22,DET,34,34,1195,293,656,.447,65,191,.340,228,465,.490,.496,138,159,.868,16,122,138,255,35,11,134,96,789,cunnica01
104,Seth Curry,SG,33,DAL,26,3,348,42,110,.382,26,62,.419,16,48,.333,.500,14,16,.875,12,29,41,25,15,3,11,23,124,curryse01
105,Stephen Curry,PG,35,GSW,32,32,1075,281,612,.459,151,368,.410,130,244,.533,.583,172,187,.920,16,123,139,148,27,13,98,60,885,curryst01
106,Dyson Daniels,PG,20,NOP,35,13,784,79,191,.414,24,86,.279,55,105,.524,.476,28,40,.700,34,101,135,90,47,13,34,58,210,daniedy01
107,Anthony Davis,C,30,LAL,33,33,1182,313,567,.552,12,33,.364,301,534,.564,.563,192,237,.810,110,302,412,111,40,88,69,86,830,davisan02
108,Johnny Davis,SG,21,WAS,16,0,139,20,44,.455,1,3,.333,19,41,.463,.466,4,5,.800,8,11,19,5,7,1,5,11,45,davisjo06
109,JD Davison,SG,21,BOS,1,0,3,0,1,.000,0,1,.000,0,0,,.000,0,0,,0,1,1,0,0,0,0,0,0,davisjd01
110,Dexter Dennis,SG,24,DAL,4,0,30,10,19,.526,1,8,.125,9,11,.818,.553,1,3,.333,1,8,9,4,0,1,3,1,22,dennide01
111,DeMar DeRozan,SF,34,CHI,34,34,1242,263,568,.463,32,91,.352,231,477,.484,.491,202,240,.842,21,108,129,181,36,25,47,74,760,derozde01
112,Moussa Diabaté,C,22,LAC,10,0,58,9,18,.500,0,0,,9,18,.500,.500,9,12,.750,14,6,20,4,4,0,2,4,27,diabamo01
113,Gradey Dick,SG,20,TOR,19,1,235,20,68,.294,11,44,.250,9,24,.375,.375,15,15,1.000,7,15,22,15,6,0,12,24,66,dickgr01
114,Ousmane Dieng,PF,20,OKC,18,0,202,27,59,.458,14,40,.350,13,19,.684,.576,10,12,.833,7,22,29,16,1,0,6,12,78,diengou01
115,Spencer Dinwiddie,PG,30,BRK,33,33,1037,147,379,.388,65,206,.316,82,173,.474,.474,95,125,.760,22,106,128,213,29,6,52,57,454,dinwisp01
116,Donte DiVincenzo,SG,27,NYK,34,16,728,126,270,.467,85,193,.440,41,77,.532,.624,25,34,.735,25,77,102,65,38,11,35,62,362,divindo01
117,Luka Dončić,PG,24,DAL,32,32,1176,367,753,.487,128,335,.382,239,418,.572,.572,215,274,.785,24,240,264,297,43,19,128,54,1077,doncilu01
118,Luguentz Dort,SF,24,OKC,32,32,922,119,262,.454,59,141,.418,60,121,.496,.567,59,71,.831,42,88,130,44,27,28,27,97,356,dortlu01
119,Ayo Dosunmu,SG,24,CHI,34,5,771,106,233,.455,32,99,.323,74,134,.552,.524,27,36,.750,24,60,84,64,26,10,28,61,271,dosunay01
120,Andre Drummond,C,30,CHI,36,5,565,105,201,.522,0,2,.000,105,199,.528,.522,53,97,.546,125,183,308,20,43,19,40,68,263,drumman01
121,Chris Duarte,SF,26,SAC,30,8,404,41,112,.366,19,61,.311,22,51,.431,.451,16,20,.800,11,48,59,28,18,2,18,56,117,duartch01
122,Kris Dunn,PG,29,UTA,27,9,439,58,127,.457,14,39,.359,44,88,.500,.512,11,16,.688,14,57,71,104,18,7,33,42,141,dunnkr01
123,Kevin Durant,PF,35,PHO,28,28,1039,290,552,.525,61,128,.477,229,424,.540,.581,195,223,.874,11,164,175,169,25,32,95,50,836,duranke01
124,Jalen Duren,C,20,DET,19,18,570,109,170,.641,0,2,.000,109,168,.649,.641,32,45,.711,69,154,223,47,9,21,43,62,250,durenja01
125,Tari Eason,PF,22,HOU,22,0,480,88,189,.466,18,50,.360,70,139,.504,.513,21,33,.636,46,107,153,27,31,19,20,51,215,easonta01
126,Anthony Edwards,SG,22,MIN,30,30,1044,273,594,.460,79,205,.385,194,389,.499,.526,174,206,.845,19,140,159,152,40,20,102,54,799,edwaran01
127,Kessler Edwards,SF,23,SAC,25,0,123,13,34,.382,7,22,.318,6,12,.500,.485,1,2,.500,3,15,18,6,2,2,1,9,34,edwarke02
128,Keon Ellis,SG,24,SAC,23,3,304,29,71,.408,21,60,.350,8,11,.727,.556,11,17,.647,7,25,32,33,13,11,13,34,90,elliske01
129,Joel Embiid,C,29,PHI,26,26,886,304,564,.539,30,85,.353,274,479,.572,.566,267,301,.887,70,238,308,160,30,51,100,75,905,embiijo01
130,Drew Eubanks,C,26,PHO,30,2,486,70,118,.593,2,2,1.000,68,116,.586,.602,32,41,.780,40,84,124,31,10,29,34,56,174,eubandr01
131,Dante Exum,PG,28,DAL,30,14,586,111,193,.575,28,62,.452,83,131,.634,.648,30,40,.750,18,69,87,86,18,5,26,48,280,exumda01
132,Bruno Fernando,C,25,ATL,8,0,48,8,18,.444,0,1,.000,8,17,.471,.444,4,6,.667,5,10,15,3,1,1,5,9,20,fernabr01
133,Dorian Finney-Smith,PF,30,BRK,32,21,921,118,273,.432,73,180,.406,45,93,.484,.566,8,10,.800,63,95,158,40,23,16,25,70,317,finnedo01
134,Malachi Flynn,PG,25,TOR,31,0,474,56,137,.409,28,80,.350,28,57,.491,.511,17,22,.773,13,52,65,73,18,6,33,42,157,flynnma01
135,Simone Fontecchio,SF,28,UTA,33,17,721,110,236,.466,62,152,.408,48,84,.571,.597,26,33,.788,31,72,103,40,21,14,32,56,308,fontesi01
136,Jordan Ford,PG,25,SAC,6,0,22,4,7,.571,2,3,.667,2,4,.500,.714,2,2,1.000,0,2,2,2,0,0,1,0,12,fordjo01
137,Trent Forrest,SG,25,ATL,9,0,79,6,18,.333,0,1,.000,6,17,.353,.333,4,4,1.000,4,6,10,14,2,1,3,8,16,forretr01
138,Evan Fournier,SG,31,NYK,2,0,33,4,16,.250,2,12,.167,2,4,.500,.313,2,2,1.000,0,3,3,3,4,0,1,2,12,fournev01
139,De'Aaron Fox,PG,26,SAC,27,27,965,280,591,.474,92,236,.390,188,355,.530,.552,142,198,.717,27,96,123,166,44,11,70,70,794,foxde01
140,Alex Fudge,SF,20,LAL,4,0,14,1,6,.167,0,2,.000,1,4,.250,.167,2,2,1.000,2,0,2,0,0,0,1,1,4,fudgeal01
141,Markelle Fultz,PG,25,ORL,5,5,143,27,56,.482,0,3,.000,27,53,.509,.482,3,4,.750,8,9,17,20,6,2,6,6,57,fultzma01
142,Daniel Gafford,C,25,WAS,30,30,765,134,195,.687,0,0,,134,195,.687,.687,58,80,.725,83,145,228,47,27,64,31,101,326,gaffoda01
143,Danilo Gallinari,PF,35,WAS,26,0,385,57,131,.435,20,64,.313,37,67,.552,.511,47,56,.839,12,64,76,31,6,3,12,26,181,gallida01
144,Darius Garland,PG,24,CLE,20,20,680,151,321,.470,36,104,.346,115,217,.530,.526,76,91,.835,12,43,55,118,32,4,76,31,414,garlada01
145,Usman Garuba,PF,21,GSW,2,0,6,0,1,.000,0,0,,0,1,.000,.000,0,0,,0,0,0,1,1,0,0,1,0,garubus01
146,Luka Garza,C,25,MIN,6,0,18,4,12,.333,0,3,.000,4,9,.444,.333,5,8,.625,3,4,7,2,0,0,1,6,13,garzalu01
147,Kaiser Gates,SF,27,NOP,1,0,7,0,4,.000,0,2,.000,0,2,.000,.000,0,0,,0,1,1,0,0,0,0,0,0,gateska01
148,Keyonte George,PG,20,UTA,29,16,743,99,275,.360,50,150,.333,49,125,.392,.451,68,87,.782,12,74,86,136,14,3,62,35,316,georgke01
149,Paul George,PF,33,LAC,31,31,1073,248,546,.454,103,256,.402,145,290,.500,.549,120,130,.923,22,149,171,122,49,10,69,93,719,georgpa01
150,Taj Gibson,PF,38,NYK,10,0,97,7,14,.500,0,4,.000,7,10,.700,.500,0,0,,6,12,18,5,1,6,2,20,14,gibsota01
151,Josh Giddey,SG,21,OKC,32,32,807,161,354,.455,33,88,.375,128,266,.481,.501,32,40,.800,48,142,190,141,24,13,80,43,387,giddejo01
152,Harry Giles,C,25,BRK,10,0,59,17,33,.515,1,7,.143,16,26,.615,.530,6,11,.545,8,9,17,2,1,3,2,9,41,gilesha01
153,Shai Gilgeous-Alexander,PG,25,OKC,32,32,1113,362,663,.546,37,109,.339,325,554,.587,.574,244,270,.904,26,163,189,205,80,24,61,77,1005,gilgesh01
154,Anthony Gill,PF,31,WAS,21,0,135,20,39,.513,0,8,.000,20,31,.645,.513,11,14,.786,11,19,30,10,3,6,10,11,51,gillan01
155,Collin Gillespie,PG,24,DEN,11,0,86,8,20,.400,3,12,.250,5,8,.625,.475,1,1,1.000,1,3,4,8,5,0,4,10,20,gilleco01
156,Jacob Gilyard,PG,25,MEM,20,8,311,26,61,.426,23,52,.442,3,9,.333,.615,1,1,1.000,6,14,20,59,11,2,13,19,76,gilyaja01
157,Rudy Gobert,C,31,MIN,33,33,1071,158,255,.620,0,1,.000,158,254,.622,.620,100,158,.633,114,278,392,39,23,69,52,93,416,goberru01
158,Jordan Goodwin,PG,25,PHO,31,0,526,65,176,.369,23,78,.295,42,98,.429,.435,23,27,.852,38,77,115,74,20,8,27,40,176,goodwjo01
159,Aaron Gordon,PF,28,DEN,30,30,956,170,317,.536,16,57,.281,154,260,.592,.562,64,103,.621,85,118,203,98,28,19,41,48,420,gordoaa01
160,Eric Gordon,SG,35,PHO,30,19,943,152,327,.465,81,198,.409,71,129,.550,.589,22,30,.733,9,54,63,73,29,17,40,43,407,gordoer01
161,Devonte' Graham,PG,28,SAS,7,0,68,7,19,.368,4,12,.333,3,7,.429,.474,6,8,.750,2,8,10,17,2,1,3,3,24,grahade01
162,Jerami Grant,PF,29,POR,29,29,996,214,467,.458,69,166,.416,145,301,.482,.532,133,166,.801,20,90,110,76,19,21,70,68,630,grantje01
163,A.J. Green,SG,24,MIL,21,0,151,22,50,.440,19,44,.432,3,6,.500,.630,1,1,1.000,3,13,16,13,0,0,0,17,64,greenaj01
164,Danny Green,SG,36,PHI,2,0,18,0,2,.000,0,1,.000,0,1,.000,.000,0,0,,0,2,2,1,1,0,0,1,0,greenda02
165,Draymond Green,PF,33,GSW,15,15,377,51,104,.490,18,42,.429,33,62,.532,.577,25,30,.833,22,61,83,87,6,11,36,45,145,greendr01
166,Jalen Green,SG,21,HOU,32,32,965,185,457,.405,71,202,.351,114,255,.447,.482,116,145,.800,11,135,146,99,18,11,71,41,557,greenja05
167,Jeff Green,PF,37,HOU,31,1,483,65,119,.546,11,34,.324,54,85,.635,.592,60,73,.822,22,42,64,22,5,14,22,43,201,greenje02
168,Josh Green,SG,23,DAL,23,6,563,57,133,.429,26,73,.356,31,60,.517,.526,14,22,.636,10,51,61,57,21,3,22,40,154,greenjo02
169,AJ Griffin,SF,20,ATL,12,0,110,10,34,.294,8,25,.320,2,9,.222,.412,2,2,1.000,2,10,12,4,1,0,4,6,30,griffaj01
170,Quentin Grimes,SG,23,NYK,31,18,631,70,178,.393,51,136,.375,19,42,.452,.537,4,8,.500,8,37,45,32,20,1,12,46,195,grimequ01
171,Mouhamed Gueye,PF,21,ATL,2,0,4,0,1,.000,0,1,.000,0,0,,.000,0,0,,0,0,0,0,1,0,0,1,0,gueyemo02
172,Rui Hachimura,PF,25,LAL,25,5,587,112,231,.485,28,76,.368,84,155,.542,.545,38,50,.760,19,71,90,27,18,5,20,36,290,hachiru01
173,Tyrese Haliburton,PG,23,IND,30,30,1028,266,531,.501,107,262,.408,159,269,.591,.602,107,124,.863,19,104,123,380,30,21,76,32,746,halibty01
174,R.J. Hampton,PG,22,MIA,7,2,74,4,14,.286,1,8,.125,3,6,.500,.321,1,2,.500,2,4,6,7,0,0,3,7,10,hamptrj01
175,Tim Hardaway Jr.,SF,31,DAL,32,4,921,191,464,.412,101,287,.352,90,177,.508,.520,74,85,.871,10,107,117,52,12,0,25,42,557,hardati02
176,James Harden,PG,34,LAC,28,28,954,147,313,.470,78,180,.433,69,133,.519,.594,124,143,.867,9,125,134,227,38,27,73,58,496,hardeja01
177,Jaden Hardy,SG,21,DAL,30,3,449,84,227,.370,40,116,.345,44,111,.396,.458,24,36,.667,8,49,57,43,11,2,20,36,232,hardyja02
178,Ron Harper Jr.,PF,23,TOR,1,0,4,0,0,,0,0,,0,0,,,0,0,,0,0,0,1,0,0,0,2,0,harpero02
179,Gary Harris,SG,29,ORL,27,6,616,66,154,.429,36,108,.333,30,46,.652,.545,24,31,.774,13,33,46,50,23,5,14,47,192,harriga01
180,Joe Harris,SG,32,DET,12,0,138,10,31,.323,7,24,.292,3,7,.429,.435,1,2,.500,3,8,11,9,3,2,3,15,28,harrijo01
181,Tobias Harris,PF,31,PHI,33,33,1122,219,427,.513,40,113,.354,179,314,.570,.560,93,105,.886,33,170,203,100,32,18,54,55,571,harrito02
182,Shaquille Harrison,SG,30,MEM,3,0,6,1,2,.500,0,0,,1,2,.500,.500,0,0,,0,2,2,0,0,1,0,0,2,harrish01
183,Josh Hart,SF,28,NYK,34,6,962,99,220,.450,33,94,.351,66,126,.524,.525,21,27,.778,37,169,206,94,29,7,37,65,252,hartjo01
184,Isaiah Hartenstein,C,25,NYK,34,8,791,83,141,.589,1,3,.333,82,138,.594,.592,46,67,.687,109,138,247,57,34,36,34,97,213,harteis01
185,Sam Hauser,SF,26,BOS,33,4,736,97,214,.453,78,185,.422,19,29,.655,.636,8,10,.800,26,90,116,33,15,9,16,48,280,hausesa01
186,Jordan Hawkins,SG,21,NOP,30,9,681,99,265,.374,61,173,.353,38,92,.413,.489,44,51,.863,17,70,87,43,10,2,22,46,303,hawkijo01
187,Jaxson Hayes,C,23,LAL,31,1,315,38,58,.655,0,4,.000,38,54,.704,.655,15,28,.536,15,42,57,10,6,10,16,54,91,hayesja02
188,Killian Hayes,PG,22,DET,29,21,712,96,230,.417,19,61,.311,77,169,.456,.459,29,44,.659,9,76,85,123,29,16,34,54,240,hayeski01
189,Gordon Hayward,SF,33,CHO,25,25,798,139,297,.468,22,61,.361,117,236,.496,.505,62,81,.765,25,92,117,116,28,12,51,46,362,haywago01
190,Scoot Henderson,PG,19,POR,24,9,663,108,295,.366,27,94,.287,81,201,.403,.412,50,65,.769,21,49,70,117,14,7,80,89,293,hendesc01
191,Taylor Hendricks,PF,20,UTA,11,0,175,21,55,.382,10,32,.313,11,23,.478,.473,6,8,.750,11,17,28,5,8,6,8,11,58,hendrita01
192,Tyler Herro,SG,24,MIA,16,16,545,137,305,.449,54,126,.429,83,179,.464,.538,44,50,.880,9,80,89,71,22,2,42,23,372,herroty01
193,Buddy Hield,SF,31,IND,33,16,856,153,351,.436,93,244,.381,60,107,.561,.568,21,25,.840,25,83,108,82,27,21,48,63,420,hieldbu01
194,Haywood Highsmith,PF,27,MIA,21,15,444,45,110,.409,22,68,.324,23,42,.548,.509,14,18,.778,18,42,60,30,23,13,19,47,126,highsha01
195,Nate Hinton,SG,24,HOU,5,0,26,4,9,.444,4,5,.800,0,4,.000,.667,0,0,,2,3,5,1,0,0,1,5,12,hintona01
196,D'Moi Hodge,SG,25,LAL,7,0,41,5,15,.333,3,12,.250,2,3,.667,.433,1,2,.500,0,0,0,5,1,1,1,4,14,hodgedm01
197,Aaron Holiday,PG,27,HOU,30,1,539,76,176,.432,39,95,.411,37,81,.457,.543,17,19,.895,9,49,58,54,15,3,23,52,208,holidaa01
198,Jrue Holiday,PG,33,BOS,30,30,1036,147,324,.454,57,136,.419,90,188,.479,.542,37,46,.804,49,147,196,144,27,24,60,51,388,holidjr01
199,Justin Holiday,SG,34,DEN,19,6,294,32,63,.508,20,43,.465,12,20,.600,.667,0,0,,4,24,28,23,13,1,5,25,84,holidju01
200,Richaun Holmes,C,30,DAL,16,1,169,23,46,.500,0,0,,23,46,.500,.500,9,18,.500,25,35,60,8,2,6,10,22,55,holmeri01
201,Chet Holmgren,C,21,OKC,33,33,984,212,390,.544,57,140,.407,155,250,.620,.617,94,113,.832,51,196,247,86,22,87,60,87,575,holmgch01
202,Jalen Hood-Schifino,SG,20,LAL,8,0,69,6,28,.214,1,9,.111,5,19,.263,.232,5,10,.500,2,6,8,5,2,1,5,9,18,hoodsja01
203,Al Horford,C,37,BOS,28,12,739,80,166,.482,40,106,.377,40,60,.667,.602,10,10,1.000,42,150,192,81,13,31,23,44,210,horfoal01
204,Talen Horton-Tucker,PG,23,UTA,29,11,647,119,289,.412,37,110,.336,82,179,.458,.476,45,55,.818,12,63,75,126,30,11,51,61,320,hortota01
205,Danuel House Jr.,SF,30,PHI,21,0,250,24,57,.421,11,31,.355,13,26,.500,.518,14,19,.737,8,17,25,16,6,1,14,17,73,houseda01
206,Caleb Houstan,SF,21,ORL,25,0,317,30,73,.411,27,69,.391,3,4,.750,.596,11,11,1.000,11,30,41,10,7,1,8,24,98,houstca01
207,Jett Howard,SF,20,ORL,9,0,36,5,16,.313,3,12,.250,2,4,.500,.406,1,2,.500,1,3,4,3,0,0,2,1,14,howarje01
208,Kevin Huerter,SG,25,SAC,32,29,758,119,285,.418,58,171,.339,61,114,.535,.519,22,27,.815,18,102,120,79,19,9,20,69,318,huertke01
209,Jay Huff,C,25,DEN,2,0,2,1,1,1.000,0,0,,1,1,1.000,1.000,0,0,,0,0,0,0,0,0,0,0,2,huffja01
210,De'Andre Hunter,SF,26,ATL,24,24,727,122,265,.460,46,114,.404,76,151,.503,.547,68,75,.907,15,83,98,33,20,9,37,73,358,huntede01
211,Bones Hyland,PG,23,LAC,15,2,227,42,104,.404,20,55,.364,22,49,.449,.500,10,12,.833,2,13,15,27,8,0,20,22,114,hylanbo01
212,Joe Ingles,SF,36,ORL,24,0,437,38,94,.404,24,59,.407,14,35,.400,.532,17,19,.895,11,55,66,82,18,3,20,37,117,inglejo01
213,Brandon Ingram,SF,26,NOP,32,32,1077,275,545,.505,45,126,.357,230,419,.549,.546,136,167,.814,21,131,152,176,27,16,83,72,731,ingrabr01
214,Kyrie Irving,SG,31,DAL,19,19,602,162,343,.472,49,123,.398,113,220,.514,.544,61,69,.884,12,73,85,97,22,6,25,34,434,irvinky01
215,Jonathan Isaac,PF,26,ORL,21,0,285,48,106,.453,13,47,.277,35,59,.593,.514,25,32,.781,24,62,86,7,18,26,12,27,134,isaacjo01
216,Jaden Ivey,SG,21,DET,30,14,762,132,288,.458,34,100,.340,98,188,.521,.517,89,116,.767,35,70,105,93,23,16,61,84,387,iveyja01
217,Andre Jackson Jr.,SG,22,MIL,29,5,281,28,51,.549,12,28,.429,16,23,.696,.667,3,4,.750,21,26,47,25,7,0,14,48,71,jacksan01
218,Gregory Jackson II,PF,19,MEM,4,0,19,3,10,.300,2,5,.400,1,5,.200,.400,0,0,,1,2,3,0,1,1,1,2,8,jacksgg01
219,Isaiah Jackson,C,22,IND,25,1,363,74,110,.673,0,2,.000,74,108,.685,.673,38,52,.731,39,71,110,24,15,32,16,71,186,jacksis01
220,Jaren Jackson Jr.,C,24,MEM,34,34,1077,239,532,.449,56,168,.333,183,364,.503,.502,173,207,.836,46,142,188,54,30,59,66,121,707,jacksja02
221,Reggie Jackson,PG,33,DEN,36,14,849,173,372,.465,53,138,.384,120,234,.513,.536,35,48,.729,12,65,77,158,23,7,54,70,434,jacksre01
222,Trayce Jackson-Davis,PF,23,GSW,24,2,316,56,88,.636,0,0,,56,88,.636,.636,27,44,.614,40,53,93,24,8,17,19,43,139,jackstr02
223,LeBron James,PF,39,LAL,32,32,1098,298,564,.528,70,177,.395,228,387,.589,.590,134,179,.749,28,207,235,238,44,22,104,35,800,jamesle01
224,Jaime Jaquez Jr.,SF,22,MIA,34,10,1019,181,359,.504,37,105,.352,144,254,.567,.556,69,81,.852,43,85,128,93,37,10,56,83,468,jaqueja01
225,DaQuan Jeffries,SG,26,NYK,10,0,30,5,12,.417,1,5,.200,4,7,.571,.458,0,2,.000,0,5,5,2,0,0,1,2,11,jeffrda01
226,Ty Jerome,SG,26,CLE,2,0,15,2,4,.500,0,1,.000,2,3,.667,.500,0,0,,1,0,1,3,0,0,1,2,4,jeromty01
227,Isaiah Joe,SG,24,OKC,33,0,646,103,228,.452,73,174,.420,30,54,.556,.612,28,34,.824,7,67,74,34,22,11,20,40,307,joeis01
228,Cameron Johnson,PF,27,BRK,27,27,782,150,313,.479,71,167,.425,79,146,.541,.593,34,46,.739,32,101,133,67,21,4,27,49,405,johnsca02
229,Jalen Johnson,SF,22,ATL,19,16,578,115,193,.596,22,53,.415,93,140,.664,.653,38,48,.792,26,127,153,51,22,16,38,43,290,johnsja05
230,James Johnson,PF,36,IND,3,0,16,1,2,.500,0,0,,1,2,.500,.500,0,0,,1,2,3,4,1,0,1,2,2,johnsja01
231,Keldon Johnson,SF,24,SAS,32,26,1037,205,449,.457,61,180,.339,144,269,.535,.524,90,118,.763,43,161,204,123,27,7,56,80,561,johnske04
232,Keon Johnson,SG,21,BRK,1,0,21,3,8,.375,2,4,.500,1,4,.250,.500,4,4,1.000,0,1,1,1,1,1,1,1,12,johnske07
233,Keyontae Johnson,SF,23,OKC,1,0,6,0,1,.000,0,0,,0,1,.000,.000,0,0,,0,0,0,0,0,0,0,0,0,johnske08
234,Nikola Jokić,C,28,DEN,35,35,1174,351,621,.565,39,113,.345,312,508,.614,.597,168,205,.820,105,321,426,318,41,30,97,90,909,jokicni01
235,Colby Jones,SG,21,SAC,12,0,77,14,31,.452,1,8,.125,13,23,.565,.468,2,3,.667,7,9,16,2,2,1,4,11,31,jonesco02
236,Damian Jones,C,28,CLE,14,0,76,9,16,.563,1,3,.333,8,13,.615,.594,2,3,.667,4,11,15,4,2,3,5,9,21,jonesda03
237,Derrick Jones Jr.,SF,26,DAL,34,33,861,124,263,.471,49,141,.348,75,122,.615,.565,49,65,.754,44,81,125,34,31,30,30,61,346,jonesde02
238,Herbert Jones,SF,25,NOP,32,32,950,121,256,.473,38,108,.352,83,148,.561,.547,65,75,.867,39,85,124,81,44,31,43,98,345,joneshe01
239,Tre Jones,PG,24,SAS,30,1,717,100,215,.465,14,64,.219,86,151,.570,.498,35,41,.854,22,66,88,148,23,4,43,38,249,jonestr01
240,Tyus Jones,PG,27,WAS,33,33,915,173,326,.531,49,115,.426,124,211,.588,.606,17,22,.773,9,89,98,178,38,11,26,24,412,jonesty01
241,DeAndre Jordan,C,35,DEN,14,1,185,28,46,.609,0,0,,28,46,.609,.609,11,31,.355,29,45,74,15,5,7,12,23,67,jordade01
242,Cory Joseph,PG,32,GSW,15,0,146,9,35,.257,4,22,.182,5,13,.385,.314,4,7,.571,2,10,12,25,4,2,7,14,26,josepco01
243,Nikola Jović,PF,20,MIA,8,3,109,17,32,.531,9,17,.529,8,15,.533,.672,6,9,.667,5,31,36,15,3,1,6,21,49,jovicni01
244,Johnny Juzang,SG,22,UTA,1,0,4,0,2,.000,0,2,.000,0,0,,.000,0,0,,0,0,0,1,0,0,0,0,0,juzanjo01
245,Luke Kennard,SG,27,MEM,11,0,232,31,79,.392,25,65,.385,6,14,.429,.551,10,10,1.000,4,28,32,21,5,1,6,9,97,kennalu01
246,Walker Kessler,C,22,UTA,27,13,678,111,179,.620,4,16,.250,107,163,.656,.631,17,33,.515,77,142,219,22,13,77,32,56,243,kesslwa01
247,Braxton Key,SF,26,DEN,9,0,29,3,10,.300,0,2,.000,3,8,.375,.300,2,3,.667,1,5,6,6,1,0,0,3,8,keybr01
248,Corey Kispert,SF,24,WAS,32,1,716,130,276,.471,64,174,.368,66,102,.647,.587,49,67,.731,11,57,68,47,11,5,28,54,373,kispeco01
249,Maxi Kleber,C,32,DAL,5,1,90,4,16,.250,3,9,.333,1,7,.143,.344,6,10,.600,4,17,21,10,1,1,4,8,17,klebima01
250,Kevin Knox,SF,24,DET,16,5,271,45,93,.484,17,50,.340,28,43,.651,.575,8,9,.889,7,29,36,9,7,3,11,26,115,knoxke01
251,John Konchar,SF,27,MEM,27,2,446,32,86,.372,18,55,.327,14,31,.452,.477,7,9,.778,27,78,105,36,21,19,13,27,89,konchjo01
252,Furkan Korkmaz,SG,26,PHI,21,0,140,14,37,.378,5,19,.263,9,18,.500,.446,7,9,.778,1,9,10,10,10,0,7,9,40,korkmfu01
253,Luke Kornet,C,28,BOS,20,1,284,46,63,.730,0,0,,46,63,.730,.730,14,16,.875,35,35,70,15,9,19,7,23,106,kornelu01
254,Jonathan Kuminga,PF,21,GSW,33,12,730,157,310,.506,23,82,.280,134,228,.588,.544,86,125,.688,42,93,135,47,19,10,45,72,423,kuminjo01
255,Kyle Kuzma,PF,28,WAS,33,33,1023,293,626,.468,82,230,.357,211,396,.533,.534,86,112,.768,30,170,200,141,10,19,85,70,754,kuzmaky01
256,Jock Landale,C,28,HOU,20,0,178,15,42,.357,2,13,.154,13,29,.448,.381,8,10,.800,19,19,38,10,5,5,8,20,40,landajo01
257,Jake LaRavia,PF,22,MEM,8,0,99,11,32,.344,3,20,.150,8,12,.667,.391,1,2,.500,5,6,11,5,1,0,4,15,26,laravja01
258,Zach LaVine,SG,28,CHI,18,18,635,132,298,.443,43,128,.336,89,170,.524,.515,71,82,.866,6,82,88,61,17,4,36,37,378,lavinza01
259,A.J. Lawson,SG,23,DAL,14,0,135,23,48,.479,8,24,.333,15,24,.625,.563,5,8,.625,6,10,16,7,7,1,6,7,59,lawsoaj01
260,Saben Lee,PG,24,PHO,7,0,58,8,18,.444,0,4,.000,8,14,.571,.444,10,11,.909,3,5,8,11,2,2,3,5,26,leesa01
261,Alex Len,C,30,SAC,10,0,81,8,12,.667,0,1,.000,8,11,.727,.667,4,9,.444,12,21,33,13,1,6,5,7,20,lenal01
262,Kawhi Leonard,SF,32,LAC,29,29,1006,263,503,.523,69,158,.437,194,345,.562,.591,117,133,.880,32,142,174,103,47,21,44,41,712,leonaka01
263,Caris LeVert,SG,29,CLE,26,1,754,154,363,.424,49,148,.331,105,215,.488,.492,63,83,.759,13,78,91,102,26,10,36,43,420,leverca01
264,Kira Lewis Jr.,PG,22,NOP,14,0,136,16,50,.320,2,19,.105,14,31,.452,.340,8,9,.889,4,8,12,18,5,1,7,8,42,lewiski01
265,Maxwell Lewis,SF,21,LAL,12,0,53,1,9,.111,1,3,.333,0,6,.000,.167,0,0,,1,2,3,3,2,0,5,2,3,lewisma05
266,E.J. Liddell,PF,23,NOP,3,0,9,1,4,.250,0,3,.000,1,1,1.000,.250,2,2,1.000,0,2,2,0,0,1,1,1,4,liddeej01
267,Damian Lillard,PG,33,MIL,33,33,1166,245,568,.431,102,285,.358,143,283,.505,.521,245,265,.925,20,125,145,225,34,6,87,58,837,lillada01
268,Nassir Little,SF,23,PHO,23,2,359,44,91,.484,16,50,.320,28,41,.683,.571,16,19,.842,14,46,60,16,10,8,11,31,120,littlna01
269,Dereck Lively II,C,19,DAL,29,28,732,115,159,.723,0,2,.000,115,157,.732,.723,23,42,.548,78,142,220,37,18,42,33,86,253,livelde01
270,Isaiah Livers,PF,25,DET,18,2,368,30,95,.316,16,64,.250,14,31,.452,.400,10,16,.625,10,27,37,19,10,3,16,32,86,liveris01
271,Chris Livingston,SF,20,MIL,8,0,25,4,5,.800,1,1,1.000,3,4,.750,.900,0,0,,1,6,7,3,1,0,1,2,9,livinch01
272,Kenneth Lofton Jr.,PF,21,TOT,16,0,103,14,39,.359,3,10,.300,11,29,.379,.397,8,15,.533,2,15,17,14,3,3,8,15,39,loftoke01
272,Kenneth Lofton Jr.,PF,21,MEM,15,0,99,14,37,.378,3,10,.300,11,27,.407,.419,8,15,.533,2,13,15,14,3,3,6,15,39,loftoke01
272,Kenneth Lofton Jr.,PF,21,PHI,1,0,4,0,2,.000,0,0,,0,2,.000,.000,0,0,,0,2,2,0,0,0,2,0,0,loftoke01
273,Kevon Looney,C,27,GSW,34,29,707,75,128,.586,0,0,,75,128,.586,.586,32,46,.696,87,163,250,87,20,9,27,87,182,looneke01
274,Brook Lopez,C,35,MIL,35,35,1089,167,349,.479,57,175,.326,110,174,.632,.560,57,70,.814,53,123,176,47,23,104,32,99,448,lopezbr01
275,Robin Lopez,C,35,MIL,9,0,25,2,5,.400,2,4,.500,0,1,.000,.600,2,2,1.000,0,2,2,2,0,1,1,3,8,lopezro01
276,Kevin Love,PF,35,MIA,27,5,513,84,191,.440,47,134,.351,37,57,.649,.563,47,62,.758,27,159,186,71,10,5,18,49,262,loveke01
277,Kyle Lowry,PG,37,MIA,30,30,869,94,202,.465,59,136,.434,35,66,.530,.611,34,40,.850,20,88,108,124,35,10,43,81,281,lowryky01
278,Seth Lundy,SF,23,ATL,4,0,30,2,10,.200,1,8,.125,1,2,.500,.250,0,0,,1,2,3,0,0,0,1,5,5,lundyse01
279,Trey Lyles,PF,28,SAC,20,0,396,51,108,.472,30,78,.385,21,30,.700,.611,15,24,.625,19,80,99,26,2,8,14,34,147,lylestr01
280,Théo Maledon,PG,22,CHO,13,1,200,19,66,.288,5,30,.167,14,36,.389,.326,11,12,.917,4,19,23,28,7,0,15,18,54,maledth01
281,Sandro Mamukelashvili,C,24,SAS,19,0,136,18,45,.400,7,26,.269,11,19,.579,.478,10,12,.833,12,25,37,24,3,5,8,13,53,mamuksa01
282,Terance Mann,SG,27,LAC,27,23,691,72,177,.407,18,83,.217,54,94,.574,.458,23,31,.742,29,60,89,50,20,9,17,49,185,mannte01
283,Tre Mann,PG,22,OKC,12,0,102,16,35,.457,5,15,.333,11,20,.550,.529,1,1,1.000,3,14,17,16,3,0,8,3,38,manntr01
284,Boban Marjanović,C,35,HOU,4,0,26,5,11,.455,0,2,.000,5,9,.556,.455,0,1,.000,2,7,9,4,0,1,0,3,10,marjabo01
285,Lauri Markkanen,PF,26,UTA,25,25,822,201,410,.490,80,210,.381,121,200,.605,.588,106,123,.862,57,153,210,38,25,16,30,52,588,markkla01
286,Naji Marshall,SF,26,NOP,26,0,496,69,156,.442,26,70,.371,43,86,.500,.526,39,49,.796,28,72,100,58,18,6,28,37,203,marshna01
287,Caleb Martin,SF,28,MIA,20,10,529,85,192,.443,25,66,.379,60,126,.476,.508,25,37,.676,26,75,101,45,16,5,27,45,220,martica02
288,Cody Martin,SF,28,CHO,6,1,145,17,46,.370,5,17,.294,12,29,.414,.424,4,10,.400,6,9,15,13,10,4,5,7,43,martico01
289,KJ Martin,SF,23,TOT,21,0,136,15,34,.441,1,7,.143,14,27,.519,.456,4,8,.500,5,12,17,11,9,1,5,17,35,martike04
289,KJ Martin,SF,23,LAC,2,0,31,4,10,.400,1,5,.200,3,5,.600,.450,1,2,.500,1,2,3,1,2,1,2,3,10,martike04
289,KJ Martin,SF,23,PHI,19,0,105,11,24,.458,0,2,.000,11,22,.500,.458,3,6,.500,4,10,14,10,7,0,3,14,25,martike04
290,Garrison Mathews,SG,27,ATL,21,3,249,20,45,.444,19,43,.442,1,2,.500,.656,0,2,.000,4,18,22,7,7,3,7,35,59,mathega01
291,Bennedict Mathurin,SF,21,IND,33,12,836,165,357,.462,44,116,.379,121,241,.502,.524,90,107,.841,36,91,127,63,18,6,50,65,464,mathube01
292,Wesley Matthews,SG,37,ATL,18,1,205,10,39,.256,6,30,.200,4,9,.444,.333,14,19,.737,4,21,25,12,9,3,6,25,40,matthwe02
293,Tyrese Maxey,PG,23,PHI,32,32,1187,286,624,.458,102,263,.388,184,361,.510,.540,156,179,.872,17,101,118,206,24,17,48,66,830,maxeyty01
294,Skylar Mays,PG,26,POR,21,5,356,53,138,.384,14,49,.286,39,89,.438,.435,13,17,.765,9,28,37,75,14,3,18,20,133,mayssk01
295,Miles McBride,PG,23,NYK,21,0,117,16,35,.457,9,22,.409,7,13,.538,.586,1,2,.500,1,4,5,9,6,0,1,14,42,mcbrimi01
296,CJ McCollum,PG,32,NOP,22,22,725,156,336,.464,75,171,.439,81,165,.491,.576,50,63,.794,14,75,89,111,30,17,35,47,437,mccolcj01
297,T.J. McConnell,PG,31,IND,25,1,380,81,156,.519,1,12,.083,80,144,.556,.522,26,35,.743,13,55,68,119,21,3,28,24,189,mccontj01
298,Jaden McDaniels,SF,23,MIN,23,22,626,101,192,.526,25,69,.362,76,123,.618,.591,16,22,.727,14,35,49,26,19,17,24,81,243,mcdanja02
299,Jalen McDaniels,SF,26,TOR,20,0,195,21,70,.300,7,37,.189,14,33,.424,.350,7,8,.875,4,21,25,12,7,3,7,22,56,mcdanja01
300,Doug McDermott,SF,32,SAS,31,0,494,62,142,.437,50,113,.442,12,29,.414,.613,8,12,.667,4,27,31,43,9,2,17,35,182,mcderdo01
301,JaVale McGee,C,36,SAC,28,0,236,56,83,.675,0,1,.000,56,82,.683,.675,16,30,.533,27,53,80,12,7,17,28,36,128,mcgeeja01
302,Bryce McGowens,SG,21,CHO,27,8,495,51,112,.455,22,55,.400,29,57,.509,.554,25,34,.735,9,43,52,28,8,3,14,47,149,mcgowbr01
303,Jordan McLaughlin,PG,27,MIN,13,0,80,8,21,.381,3,10,.300,5,11,.455,.452,3,4,.750,4,4,8,19,7,3,1,3,22,mclaujo01
304,De'Anthony Melton,SG,25,PHI,31,31,912,124,312,.397,66,181,.365,58,131,.443,.503,60,73,.822,25,100,125,100,53,15,36,76,374,meltode01
305,Nathan Mensah,C,25,CHO,8,0,97,4,9,.444,0,0,,4,9,.444,.444,4,6,.667,7,18,25,1,3,5,4,17,12,mensana01
306,Sam Merrill,SG,27,CLE,19,0,237,42,99,.424,37,85,.435,5,14,.357,.611,3,4,.750,6,22,28,23,4,1,7,21,124,merrisa01
307,Chimezie Metu,C,26,PHO,24,4,321,51,101,.505,14,43,.326,37,58,.638,.574,26,30,.867,20,58,78,13,13,5,19,25,142,metuch01
308,Vasilije Micić,PG,30,OKC,14,0,174,14,47,.298,6,29,.207,8,18,.444,.362,4,6,.667,1,9,10,42,5,2,12,17,38,micicva01
309,Khris Middleton,SF,32,MIL,30,30,747,170,342,.497,51,131,.389,119,211,.564,.572,46,55,.836,20,115,135,145,24,6,64,65,437,middlkh01
310,Brandon Miller,SF,21,CHO,28,22,877,157,363,.433,59,149,.396,98,214,.458,.514,44,54,.815,24,83,107,62,18,15,48,76,417,millebr02
311,Jordan Miller,SF,24,LAC,3,0,12,2,3,.667,1,1,1.000,1,2,.500,.833,0,0,,0,1,1,0,0,0,1,2,5,millejo02
312,Leonard Miller,SF,20,MIN,4,0,11,4,5,.800,1,1,1.000,3,4,.750,.900,0,0,,0,7,7,1,0,0,0,1,9,millele01
313,Dariq Whitehead,SF,19,BRK,2,0,24,1,5,.200,0,3,.000,1,2,.500,.200,1,2,.500,0,4,4,3,0,1,0,0,3,whiteda01
314,Patty Mills,PG,35,ATL,7,0,67,5,14,.357,5,10,.500,0,4,.000,.536,0,0,,1,6,7,5,1,1,3,8,15,millspa02
315,Shake Milton,SG,27,MIN,28,0,405,50,129,.388,13,48,.271,37,81,.457,.438,36,43,.837,5,37,42,40,14,3,25,38,149,miltosh01
316,Justin Minaya,SF,24,POR,6,0,38,2,6,.333,2,4,.500,0,2,.000,.500,1,2,.500,4,1,5,0,0,1,1,2,7,minayju01
317,Josh Minott,SF,21,MIN,13,0,35,8,15,.533,0,5,.000,8,10,.800,.533,6,8,.750,1,2,3,3,0,2,1,4,22,minotjo01
318,Davion Mitchell,PG,25,SAC,26,3,342,36,98,.367,13,51,.255,23,47,.489,.434,11,15,.733,3,22,25,52,5,2,16,32,96,mitchda01
319,Donovan Mitchell,SG,27,CLE,25,25,902,240,528,.455,78,222,.351,162,306,.529,.528,134,149,.899,27,112,139,141,48,13,65,57,692,mitchdo01
320,Evan Mobley,PF,22,CLE,21,21,705,142,248,.573,2,10,.200,140,238,.588,.577,50,65,.769,56,164,220,61,17,35,48,60,336,mobleev01
321,Isaiah Mobley,PF,24,CLE,3,0,14,2,4,.500,1,2,.500,1,2,.500,.625,0,0,,0,2,2,4,1,0,1,2,5,mobleis01
322,Malik Monk,SG,25,SAC,32,0,813,160,357,.448,86,205,.420,74,152,.487,.569,72,82,.878,13,71,84,168,19,19,69,60,478,monkma01
323,Moses Moody,SG,21,GSW,31,4,559,92,193,.477,30,91,.330,62,102,.608,.554,41,53,.774,37,62,99,27,21,10,23,42,255,moodymo01
324,Xavier Moon,SG,29,LAC,2,0,12,1,2,.500,0,1,.000,1,1,1.000,.500,0,0,,0,2,2,3,0,0,1,1,2,moonxa01
325,Wendell Moore Jr.,SG,22,MIN,7,0,19,1,3,.333,0,2,.000,1,1,1.000,.333,0,0,,0,1,1,1,1,0,2,1,2,moorewe01
326,Ja Morant,PG,24,MEM,8,8,283,73,153,.477,11,44,.250,62,109,.569,.513,48,59,.814,4,39,43,66,6,4,25,16,205,moranja01
327,Marcus Morris,PF,34,PHI,25,4,379,56,120,.467,23,52,.442,33,68,.485,.563,15,19,.789,10,55,65,19,9,8,9,46,150,morrima03
328,Markieff Morris,PF,34,DAL,14,1,140,15,46,.326,9,28,.321,6,18,.333,.424,1,2,.500,4,23,27,11,5,1,9,11,40,morrima02
329,Trey Murphy III,SF,23,NOP,12,1,324,58,123,.472,33,78,.423,25,45,.556,.606,28,33,.848,4,44,48,20,9,4,8,14,177,murphtr02
330,Dejounte Murray,SG,27,ATL,33,33,1138,260,565,.460,79,206,.383,181,359,.504,.530,80,97,.825,27,126,153,172,48,11,71,57,679,murrade01
331,Jamal Murray,PG,26,DEN,22,22,655,160,340,.471,55,125,.440,105,215,.488,.551,63,71,.887,12,71,83,136,21,16,38,42,438,murraja01
332,Keegan Murray,SF,23,SAC,29,29,959,170,378,.450,70,197,.355,100,181,.552,.542,41,49,.837,41,118,159,47,36,12,25,80,451,murrake02
333,Kris Murray,SF,23,POR,17,0,185,17,46,.370,8,27,.296,9,19,.474,.457,3,5,.600,10,18,28,10,12,3,2,14,45,murrakr01
334,Mike Muscala,C,32,WAS,20,2,287,31,78,.397,14,44,.318,17,34,.500,.487,14,18,.778,14,44,58,22,4,7,12,24,90,muscami01
335,Svi Mykhailiuk,SF,26,BOS,13,0,99,9,32,.281,5,26,.192,4,6,.667,.359,0,0,,3,8,11,5,5,0,5,8,23,mykhasv01
336,Larry Nance Jr.,C,31,NOP,18,0,301,34,62,.548,6,16,.375,28,46,.609,.597,9,14,.643,26,66,92,15,17,6,17,25,83,nancela02
337,Andrew Nembhard,PG,24,IND,23,7,460,77,159,.484,15,49,.306,62,110,.564,.531,8,11,.727,14,27,41,91,20,1,37,45,177,nembhan01
338,Aaron Nesmith,SF,24,IND,31,6,788,129,247,.522,67,141,.475,62,106,.585,.658,35,50,.700,26,75,101,33,36,23,28,103,360,nesmiaa01
339,Georges Niang,PF,30,CLE,34,1,747,106,262,.405,53,159,.333,53,103,.515,.506,16,19,.842,13,109,122,40,11,5,29,82,281,niangge01
340,Daishen Nix,PG,21,MIN,6,0,21,3,8,.375,2,5,.400,1,3,.333,.500,0,2,.000,0,1,1,0,1,0,0,0,8,nixda01
341,Zeke Nnaji,PF,23,DEN,30,0,307,38,79,.481,4,13,.308,34,66,.515,.506,22,35,.629,37,35,72,16,6,20,19,46,102,nnajize01
342,Jaylen Nowell,SG,24,MEM,9,1,156,22,55,.400,4,23,.174,18,32,.563,.436,3,3,1.000,3,11,14,16,3,0,5,13,51,nowelja01
343,Markquis Nowell,SG,24,TOR,1,0,4,0,1,.000,0,0,,0,1,.000,.000,2,2,1.000,2,0,2,2,1,0,0,0,2,nowelma01
344,Jusuf Nurkić,C,29,PHO,32,32,894,151,310,.487,19,72,.264,132,238,.555,.518,85,117,.726,89,239,328,114,30,38,66,110,406,nurkiju01
345,Jordan Nwora,SF,25,IND,12,0,121,27,56,.482,8,24,.333,19,32,.594,.554,6,7,.857,7,15,22,11,5,1,10,12,68,nworajo01
346,Royce O'Neale,SF,30,BRK,34,6,882,89,235,.379,69,188,.367,20,47,.426,.526,11,18,.611,29,131,160,109,26,23,33,82,258,onealro01
347,Chuma Okeke,SF,25,ORL,17,0,115,13,31,.419,8,22,.364,5,9,.556,.548,0,0,,5,20,25,8,2,2,3,6,34,okekech01
348,Josh Okogie,SG,25,PHO,28,11,555,48,122,.393,15,58,.259,33,64,.516,.455,48,64,.750,42,45,87,35,23,14,21,40,159,okogijo01
349,Onyeka Okongwu,C,23,ATL,32,2,782,118,202,.584,12,42,.286,106,160,.663,.614,60,71,.845,78,137,215,45,17,28,24,88,308,okongon01
350,Isaac Okoro,SF,23,CLE,25,14,648,79,156,.506,23,64,.359,56,92,.609,.580,38,54,.704,31,51,82,54,22,11,19,57,219,okorois01
351,Kelly Olynyk,C,32,UTA,33,8,722,98,175,.560,25,62,.403,73,113,.646,.631,48,53,.906,49,129,178,155,30,10,58,89,269,olynyke01
352,Eugene Omoruyi,SF,26,WAS,17,0,99,29,49,.592,5,15,.333,24,34,.706,.643,14,19,.737,10,16,26,10,8,1,9,17,77,omorueu01
353,Cedi Osman,SF,28,SAS,34,1,625,95,206,.461,40,111,.360,55,95,.579,.558,25,37,.676,11,69,80,66,15,5,21,52,255,osmande01
354,Kelly Oubre Jr.,SF,28,PHI,22,12,580,107,225,.476,39,103,.379,68,122,.557,.562,37,51,.725,23,67,90,20,28,8,18,51,290,oubreke01
355,Chris Paul,PG,38,GSW,31,10,859,101,240,.421,41,115,.357,60,125,.480,.506,35,41,.854,10,105,115,226,36,2,37,57,278,paulch01
356,Cameron Payne,PG,29,MIL,35,2,548,75,165,.455,38,99,.384,37,66,.561,.570,30,33,.909,3,38,41,86,13,2,28,64,218,payneca01
357,Gary Payton II,SG,31,GSW,16,0,261,36,79,.456,9,32,.281,27,47,.574,.513,6,9,.667,16,32,48,13,17,5,10,29,87,paytoga02
358,Drew Peterson,PF,24,BOS,1,0,3,1,1,1.000,1,1,1.000,0,0,,1.500,0,0,,0,0,0,1,0,0,0,1,3,peterdr01
359,Filip Petrušev,C,23,TOT,3,0,10,1,2,.500,0,0,,1,2,.500,.500,1,2,.500,0,1,1,0,0,0,0,1,3,petrufi01
359,Filip Petrušev,C,23,PHI,1,0,3,0,0,,0,0,,0,0,,,0,0,,0,1,1,0,0,0,0,0,0,petrufi01
359,Filip Petrušev,C,23,SAC,2,0,7,1,2,.500,0,0,,1,2,.500,.500,1,2,.500,0,0,0,0,0,0,0,1,3,petrufi01
360,Julian Phillips,SF,20,CHI,21,0,95,8,24,.333,1,12,.083,7,12,.583,.354,1,4,.250,3,8,11,6,1,3,2,12,18,phillju01
361,Jalen Pickett,SG,24,DEN,15,0,90,11,25,.440,7,18,.389,4,7,.571,.580,2,2,1.000,1,10,11,10,3,0,6,8,31,pickeja02
362,Mason Plumlee,C,33,LAC,6,0,102,12,19,.632,0,0,,12,19,.632,.632,6,14,.429,8,25,33,6,4,1,5,6,30,plumlma01
363,Brandin Podziemski,SG,20,GSW,28,8,660,100,211,.474,39,91,.429,61,120,.508,.566,20,31,.645,41,107,148,89,28,5,37,51,259,podzibr01
364,Jakob Poeltl,C,28,TOR,34,34,901,157,230,.683,0,0,,157,230,.683,.683,40,74,.541,95,187,282,82,24,47,52,97,354,poeltja01
365,Aleksej Pokusevski,PF,22,OKC,7,0,43,2,11,.182,1,8,.125,1,3,.333,.227,1,2,.500,2,6,8,5,0,1,3,5,6,pokusal01
366,Jordan Poole,SG,24,WAS,32,32,932,194,472,.411,66,209,.316,128,263,.487,.481,88,101,.871,15,64,79,117,32,10,82,98,542,poolejo01
367,Craig Porter Jr.,PG,23,CLE,23,5,383,71,141,.504,7,20,.350,64,121,.529,.528,24,37,.649,13,49,62,76,16,11,23,24,173,portecr01
368,Jontay Porter,PF,24,TOR,1,0,7,0,2,.000,0,2,.000,0,0,,.000,0,0,,0,3,3,0,0,0,0,2,0,portejo01
369,Michael Porter Jr.,SF,25,DEN,36,36,1123,222,472,.470,100,255,.392,122,217,.562,.576,35,46,.761,48,220,268,51,15,29,38,71,579,portemi01
370,Otto Porter Jr.,SF,30,TOR,15,1,174,14,33,.424,8,23,.348,6,10,.600,.545,3,3,1.000,6,23,29,8,5,5,2,19,39,porteot01
371,Bobby Portis,PF,28,MIL,35,0,838,176,351,.501,34,100,.340,142,251,.566,.550,44,56,.786,61,174,235,39,26,18,33,87,430,portibo01
372,Kristaps Porziņģis,C,28,BOS,24,24,739,168,314,.535,42,127,.331,126,187,.674,.602,116,139,.835,40,136,176,41,18,43,38,71,494,porzikr01
373,Micah Potter,PF,25,UTA,2,0,7,0,1,.000,0,1,.000,0,0,,.000,0,0,,0,4,4,0,0,0,0,0,0,pottemi01
374,Dwight Powell,C,32,DAL,32,3,464,50,68,.735,1,2,.500,49,66,.742,.743,47,60,.783,49,60,109,44,14,11,13,62,148,poweldw01
375,Norman Powell,SG,30,LAC,33,0,845,154,303,.508,65,143,.455,89,160,.556,.616,67,76,.882,5,71,76,34,19,13,33,64,440,powelno01
376,Joshua Primo,SG,21,LAC,1,0,5,1,2,.500,0,1,.000,1,1,1.000,.500,0,0,,0,0,0,0,0,1,3,0,2,primojo01
377,Taurean Prince,PF,29,LAL,33,33,1018,116,272,.426,71,182,.390,45,90,.500,.557,19,25,.760,9,87,96,61,30,16,33,74,322,princta02
378,Payton Pritchard,PG,26,BOS,33,0,681,88,213,.413,54,143,.378,34,70,.486,.540,13,20,.650,33,73,106,101,14,3,18,41,243,pritcpa01
379,Olivier-Maxence Prosper,PF,21,DAL,22,0,201,19,56,.339,6,28,.214,13,28,.464,.393,19,27,.704,14,32,46,16,2,2,4,13,63,prospol01
380,Trevelin Queen,SG,26,ORL,2,0,39,2,8,.250,0,4,.000,2,4,.500,.250,1,2,.500,0,2,2,6,3,1,0,5,5,queentr01
381,Neemias Queta,C,24,BOS,12,0,174,26,45,.578,0,0,,26,45,.578,.578,12,16,.750,27,36,63,7,6,4,5,26,64,quetane01
382,Immanuel Quickley,SG-PG,24,TOT,32,2,781,165,366,.451,71,175,.406,94,191,.492,.548,89,103,.864,5,81,86,82,18,4,32,51,490,quickim01
382,Immanuel Quickley,SG,24,NYK,30,0,720,152,335,.454,64,162,.395,88,173,.509,.549,82,94,.872,5,72,77,74,16,3,31,44,450,quickim01
382,Immanuel Quickley,PG,24,TOR,2,2,61,13,31,.419,7,13,.538,6,18,.333,.532,7,9,.778,0,9,9,8,2,1,1,7,40,quickim01
383,Lester Quinones,SG,23,GSW,4,0,17,3,9,.333,2,6,.333,1,3,.333,.444,0,0,,0,3,3,1,0,0,2,3,8,quinole01
384,Julius Randle,PF,29,NYK,34,34,1214,299,626,.478,50,173,.289,249,453,.550,.518,180,235,.766,71,251,322,159,20,8,115,95,828,randlju01
385,Duop Reath,C,27,POR,21,4,311,61,138,.442,28,79,.354,33,59,.559,.543,24,26,.923,24,40,64,21,12,7,15,44,174,reathdu01
386,Austin Reaves,SG,25,LAL,35,10,1036,185,385,.481,58,163,.356,127,222,.572,.556,108,123,.878,33,123,156,176,31,4,79,58,536,reaveau01
387,Cam Reddish,SF,24,LAL,28,21,683,66,169,.391,22,75,.293,44,94,.468,.456,33,38,.868,17,55,72,44,36,7,22,49,187,reddica01
388,Paul Reed,C,24,PHI,33,5,498,76,136,.559,6,16,.375,70,120,.583,.581,20,27,.741,60,87,147,41,23,22,29,75,178,reedpa01
389,Naz Reid,C,24,MIN,33,0,731,154,309,.498,62,156,.397,92,153,.601,.599,42,46,.913,32,116,148,33,23,20,45,65,412,reidna01
390,Jared Rhoden,SG,24,DET,5,0,30,5,9,.556,1,4,.250,4,5,.800,.611,2,2,1.000,1,3,4,3,0,0,2,4,13,rhodeja01
391,Nick Richards,C,26,CHO,26,13,606,90,128,.703,0,0,,90,128,.703,.703,52,68,.765,58,128,186,19,12,33,25,67,232,richani01
392,Josh Richardson,SG,30,MIA,25,4,686,91,206,.442,37,110,.336,54,96,.563,.532,32,35,.914,11,55,66,72,14,7,25,43,251,richajo01
393,Duncan Robinson,SF,29,MIA,32,16,934,161,340,.474,99,228,.434,62,112,.554,.619,45,52,.865,9,77,86,99,17,5,39,74,466,robindu01
394,Jerome Robinson,SG,26,GSW,4,0,13,0,5,.000,0,3,.000,0,2,.000,.000,3,4,.750,1,1,2,0,0,1,0,0,3,robinje01
395,Mitchell Robinson,C,25,NYK,21,21,613,58,98,.592,0,0,,58,98,.592,.592,14,38,.368,112,104,216,15,32,27,21,40,130,robinmi01
396,Orlando Robinson,C,23,MIA,15,7,214,31,59,.525,7,12,.583,24,47,.511,.585,11,16,.688,18,41,59,24,5,7,13,28,80,robinor01
397,Jeremiah Robinson-Earl,PF,23,NOP,14,1,157,23,43,.535,7,16,.438,16,27,.593,.616,6,6,1.000,11,29,40,9,4,1,7,12,59,robinje02
398,David Roddy,PF,22,MEM,32,8,705,91,226,.403,29,102,.284,62,124,.500,.467,28,41,.683,27,89,116,39,17,9,28,38,239,roddyda01
399,Ryan Rollins,PG,21,WAS,10,0,66,13,25,.520,2,3,.667,11,22,.500,.560,13,17,.765,2,9,11,11,8,3,7,7,41,rolliry01
400,Derrick Rose,PG,35,MEM,17,7,304,56,128,.438,11,33,.333,45,95,.474,.480,19,21,.905,7,23,30,57,7,2,22,18,142,rosede01
401,Terry Rozier,SG,29,CHO,21,21,753,187,400,.468,57,157,.363,130,243,.535,.539,75,88,.852,12,68,80,150,25,9,49,39,506,roziete01
402,Rayan Rupert,SG,19,POR,8,0,36,1,13,.077,1,6,.167,0,7,.000,.115,2,4,.500,1,0,1,4,2,0,2,1,5,ruperra01
403,D'Angelo Russell,PG,27,LAL,32,28,931,179,384,.466,64,165,.388,115,219,.525,.549,51,66,.773,9,85,94,196,25,15,57,63,473,russeda01
404,Matt Ryan,SF,26,NOP,13,1,298,38,83,.458,32,68,.471,6,15,.400,.651,13,14,.929,5,25,30,14,5,1,16,24,121,ryanma01
405,Domantas Sabonis,C,27,SAC,33,33,1157,256,435,.589,14,38,.368,242,397,.610,.605,121,184,.658,114,310,424,249,28,19,106,105,647,sabondo01
406,Luka Šamanić,PF,24,UTA,15,0,97,19,50,.380,5,19,.263,14,31,.452,.430,4,4,1.000,5,26,31,3,1,2,6,10,47,samanlu01
407,Jermaine Samuels,SF,25,HOU,6,0,38,5,7,.714,0,2,.000,5,5,1.000,.714,2,2,1.000,1,7,8,2,1,1,0,3,12,samueje01
408,Adama Sanogo,PF,21,CHI,3,0,11,3,3,1.000,0,0,,3,3,1.000,1.000,2,3,.667,2,4,6,0,0,0,1,0,8,sanogad01
409,Gui Santos,PF,21,GSW,4,0,22,4,7,.571,1,3,.333,3,4,.750,.643,4,4,1.000,4,4,8,1,0,0,2,3,13,santogu01
410,Dario Šarić,C,29,GSW,34,4,694,122,258,.473,50,129,.388,72,129,.558,.570,56,65,.862,53,143,196,73,19,6,41,75,350,saricda01
411,Olivier Sarr,C,24,OKC,8,0,67,6,11,.545,2,5,.400,4,6,.667,.636,6,8,.750,6,20,26,2,0,5,2,14,20,sarrol01
412,Marcus Sasser,PG,23,DET,30,0,477,84,173,.486,36,84,.429,48,89,.539,.590,18,21,.857,4,44,48,70,18,5,25,42,222,sassema01
413,Admiral Schofield,PF,26,ORL,10,0,35,3,10,.300,1,6,.167,2,4,.500,.350,0,2,.000,0,5,5,3,0,0,4,7,7,schofad01
414,Dennis Schröder,PG,30,TOR,34,30,1089,177,403,.439,55,154,.357,122,249,.490,.507,86,101,.851,16,81,97,237,32,4,57,72,495,schrode01
415,Dereon Seabron,SG,23,NOP,5,0,52,4,13,.308,1,2,.500,3,11,.273,.346,5,6,.833,1,6,7,4,2,1,0,4,14,seabrde01
416,Alperen Şengün,C,21,HOU,32,32,1023,271,495,.547,21,70,.300,250,425,.588,.569,126,172,.733,85,204,289,167,37,25,79,102,689,sengual01
417,Brice Sensabaugh,SF,20,UTA,2,0,5,0,2,.000,0,0,,0,2,.000,.000,0,0,,1,2,3,0,0,0,0,0,0,sensabr01
418,Collin Sexton,SG,25,UTA,35,12,830,185,396,.467,45,131,.344,140,265,.528,.524,140,158,.886,31,65,96,130,22,6,62,72,555,sextoco01
419,Landry Shamet,SG,26,WAS,21,0,336,59,130,.454,28,74,.378,31,56,.554,.562,7,14,.500,2,25,27,30,12,4,12,34,153,shamela01
420,Day'Ron Sharpe,C,22,BRK,35,1,567,106,183,.579,1,7,.143,105,176,.597,.582,47,80,.588,99,151,250,49,16,31,37,81,260,sharpda01
421,Shaedon Sharpe,SG,20,POR,28,25,952,157,383,.410,55,160,.344,102,223,.457,.482,89,107,.832,37,107,144,86,24,9,68,80,458,sharpsh01
422,Ben Sheppard,SG,22,IND,14,0,93,15,35,.429,7,22,.318,8,13,.615,.529,4,6,.667,2,6,8,8,4,0,1,11,41,sheppbe01
423,Pascal Siakam,PF,29,TOR,34,34,1188,289,555,.521,36,125,.288,253,430,.588,.553,148,197,.751,50,173,223,166,29,6,77,80,762,siakapa01
424,Ben Simmons,PG,27,BRK,6,6,191,19,36,.528,0,0,,19,36,.528,.528,1,4,.250,16,49,65,40,3,5,15,16,39,simmobe01
425,Anfernee Simons,SG,24,POR,12,12,403,109,244,.447,43,112,.384,66,132,.500,.535,52,56,.929,8,31,39,61,10,1,28,23,313,simonan01
426,Jericho Sims,C,25,NYK,15,5,104,10,15,.667,0,0,,10,15,.667,.667,3,5,.600,6,19,25,3,1,1,2,14,23,simsje01
427,Dmytro Skapintsev,C,25,NYK,2,0,2,0,1,.000,0,0,,0,1,.000,.000,0,0,,0,0,0,0,0,0,0,0,0,skapidm01
428,Jalen Slawson,SF,24,SAC,5,0,19,2,3,.667,0,1,.000,2,2,1.000,.667,0,0,,0,4,4,2,0,1,2,3,4,slawsja01
429,Javonte Smart,PG,24,PHI,1,0,1,0,0,,0,0,,0,0,,,0,0,,0,0,0,0,0,0,0,0,0,smartja01
430,Marcus Smart,PG,29,MEM,17,17,507,75,185,.405,26,99,.263,49,86,.570,.476,36,46,.783,5,36,41,72,35,5,53,49,212,smartma01
431,Dennis Smith Jr.,PG,26,BRK,20,1,373,55,134,.410,11,39,.282,44,95,.463,.451,20,25,.800,14,44,58,75,18,3,22,47,141,smithde03
432,Dru Smith,SG,26,MIA,9,0,131,15,33,.455,7,17,.412,8,16,.500,.561,2,2,1.000,6,8,14,14,9,3,5,12,39,smithdr01
433,Ish Smith,PG,35,CHO,26,2,439,48,95,.505,2,4,.500,46,91,.505,.516,2,2,1.000,8,37,45,85,8,2,37,28,100,smithis01
434,Jabari Smith Jr.,PF,20,HOU,31,31,943,152,314,.484,51,136,.375,101,178,.567,.565,57,69,.826,58,208,266,46,17,26,36,94,412,smithja05
435,Jalen Smith,C,23,IND,21,5,338,83,125,.664,24,45,.533,59,80,.738,.760,27,40,.675,30,81,111,20,6,8,20,50,217,smithja04
436,Nick Smith Jr.,SG,19,CHO,17,0,211,40,87,.460,23,47,.489,17,40,.425,.592,2,2,1.000,7,11,18,14,1,7,10,19,105,smithni01
437,Jeremy Sochan,PF,20,SAS,34,33,992,142,329,.432,31,85,.365,111,244,.455,.479,53,69,.768,51,137,188,136,22,11,70,85,368,sochaje01
438,Jaden Springer,SG,21,PHI,20,0,193,24,62,.387,5,19,.263,19,43,.442,.427,12,16,.750,16,12,28,19,11,8,18,29,65,sprinja01
439,Lamar Stevens,PF,26,BOS,12,1,60,12,22,.545,2,6,.333,10,16,.625,.591,3,4,.750,6,8,14,6,4,3,4,10,29,stevela01
440,Isaiah Stewart,PF,22,DET,28,28,859,108,229,.472,39,98,.398,69,131,.527,.557,35,47,.745,52,145,197,48,8,17,43,73,290,stewais01
441,Julian Strawther,SF,21,DEN,33,0,458,71,185,.384,37,115,.322,34,70,.486,.484,16,23,.696,4,45,49,36,16,6,15,47,195,strawju01
442,Max Strus,SF,27,CLE,34,34,1175,170,422,.403,99,282,.351,71,140,.507,.520,39,49,.796,26,147,173,132,33,20,57,101,478,strusma01
443,Jalen Suggs,SG,22,ORL,30,30,812,137,303,.452,56,152,.368,81,151,.536,.545,58,73,.795,18,81,99,78,45,21,63,85,388,suggsja01
444,Cole Swider,SF,24,MIA,6,0,33,8,17,.471,5,13,.385,3,4,.750,.618,0,0,,1,1,2,3,1,1,1,1,21,swideco01
445,Jae'Sean Tate,SF,28,HOU,30,4,569,63,126,.500,17,49,.347,46,77,.597,.567,17,24,.708,29,77,106,33,22,6,15,78,160,tateja01
446,Jayson Tatum,PF,25,BOS,31,31,1141,288,608,.474,92,265,.347,196,343,.571,.549,170,211,.806,31,233,264,139,32,16,90,65,838,tatumja01
447,Terry Taylor,PF,24,CHI,13,0,90,10,17,.588,0,3,.000,10,14,.714,.588,0,0,,11,6,17,3,3,1,5,8,20,taylote01
448,Garrett Temple,SG,37,TOR,6,0,19,4,5,.800,1,1,1.000,3,4,.750,.900,2,2,1.000,0,2,2,3,1,0,0,0,11,templga01
449,Dalen Terry,SG,21,CHI,20,0,199,15,39,.385,3,20,.150,12,19,.632,.423,9,12,.750,6,30,36,24,3,7,11,23,42,terryda01
450,Daniel Theis,C,31,TOT,23,0,384,64,123,.520,10,22,.455,54,101,.535,.561,23,31,.742,33,44,77,17,9,18,15,56,161,theisda01
450,Daniel Theis,C,31,IND,1,0,8,1,4,.250,0,1,.000,1,3,.333,.250,0,0,,0,0,0,0,0,0,0,1,2,theisda01
450,Daniel Theis,C,31,LAC,22,0,376,63,119,.529,10,21,.476,53,98,.541,.571,23,31,.742,33,44,77,17,9,18,15,55,159,theisda01
451,Cam Thomas,SG,22,BRK,26,20,754,200,464,.431,50,143,.350,150,321,.467,.485,91,112,.813,8,57,65,59,16,9,43,53,541,thomaca02
452,Amen Thompson,SF,21,HOU,13,0,204,27,61,.443,4,20,.200,23,41,.561,.475,14,25,.560,9,36,45,22,8,2,13,23,72,thompam01
453,Ausar Thompson,SF,21,DET,34,24,846,124,270,.459,9,60,.150,115,210,.548,.476,44,65,.677,78,160,238,74,28,37,52,105,301,thompau01
454,Klay Thompson,SF,33,GSW,33,33,996,194,459,.423,105,278,.378,89,181,.492,.537,64,71,.901,16,105,121,71,17,16,55,65,557,thompkl01
455,Tristan Thompson,PF,32,CLE,29,0,334,44,67,.657,0,0,,44,67,.657,.657,10,30,.333,50,59,109,29,6,9,16,36,98,thomptr01
456,JT Thor,PF,21,CHO,26,1,376,32,83,.386,13,43,.302,19,40,.475,.464,3,7,.429,19,43,62,11,6,10,6,28,80,thorjt01
457,Matisse Thybulle,SF,26,POR,33,13,784,71,164,.433,51,132,.386,20,32,.625,.588,9,12,.750,16,56,72,37,55,30,20,41,202,thybuma01
458,Xavier Tillman Sr.,C,25,MEM,22,7,424,51,132,.386,10,39,.256,41,93,.441,.424,7,20,.350,32,64,96,31,24,20,17,34,119,tillmxa01
459,Jacob Toppin,SF,23,NYK,3,0,4,0,0,,0,0,,0,0,,,0,0,,0,0,0,1,0,1,0,0,0,toppija01
460,Obi Toppin,PF,25,IND,33,27,791,151,261,.579,42,111,.378,109,150,.727,.659,40,53,.755,37,96,133,47,18,20,25,73,384,toppiob01
461,Juan Toscano-Anderson,SF,30,SAC,8,0,19,1,3,.333,0,1,.000,1,2,.500,.333,0,0,,1,4,5,3,1,0,1,4,2,toscaju01
462,Karl-Anthony Towns,PF,28,MIN,32,32,1052,246,487,.505,59,147,.401,187,340,.550,.566,134,150,.893,53,238,291,92,24,17,94,109,685,townska01
463,Gary Trent Jr.,SG,25,TOR,31,5,802,127,318,.399,67,174,.385,60,144,.417,.505,28,43,.651,8,64,72,51,26,3,20,33,349,trentga02
464,Oscar Tshiebwe,PF,24,IND,3,0,17,4,8,.500,0,0,,4,8,.500,.500,3,4,.750,2,3,5,2,0,0,0,1,11,tshieos01
465,P.J. Tucker,PF,38,TOT,15,3,239,6,19,.316,5,16,.313,1,3,.333,.447,3,3,1.000,16,27,43,8,9,3,4,35,20,tuckepj01
465,P.J. Tucker,PF,38,PHI,3,3,66,2,5,.400,2,5,.400,0,0,,.600,0,0,,1,13,14,0,3,2,2,9,6,tuckepj01
465,P.J. Tucker,PF,38,LAC,12,0,173,4,14,.286,3,11,.273,1,3,.333,.393,3,3,1.000,15,14,29,8,6,1,2,26,14,tuckepj01
466,Myles Turner,C,27,IND,32,32,882,198,375,.528,46,129,.357,152,246,.618,.589,118,145,.814,54,181,235,37,17,69,45,104,560,turnemy01
467,Hunter Tyson,PF,23,DEN,8,0,20,1,4,.250,0,3,.000,1,1,1.000,.250,0,0,,0,5,5,1,0,0,0,5,2,tysonhu01
468,Stanley Umude,SG,24,DET,15,0,155,20,44,.455,14,27,.519,6,17,.353,.614,21,23,.913,3,25,28,8,4,5,10,24,75,umudest01
469,Jonas Valančiūnas,C,31,NOP,35,35,952,194,339,.572,23,65,.354,171,274,.624,.606,80,100,.800,84,254,338,82,20,43,52,112,491,valanjo01
470,Jarred Vanderbilt,PF,24,LAL,14,5,247,17,47,.362,1,14,.071,16,33,.485,.372,3,4,.750,16,39,55,10,9,3,6,25,38,vandeja01
471,Fred VanVleet,PG,29,HOU,31,31,1159,178,434,.410,95,236,.403,83,198,.419,.520,91,105,.867,9,114,123,266,33,18,55,60,542,vanvlfr01
472,Devin Vassell,SG,23,SAS,29,23,885,198,420,.471,77,203,.379,121,217,.558,.563,67,82,.817,13,87,100,89,35,6,37,31,540,vassede01
473,Sasha Vezenkov,PF,28,SAC,27,0,348,53,124,.427,29,79,.367,24,45,.533,.544,6,8,.750,20,50,70,13,13,6,9,28,141,vezenal01
474,Gabe Vincent,PG,27,LAL,5,0,127,12,32,.375,2,17,.118,10,15,.667,.406,1,2,.500,2,3,5,15,6,0,2,12,27,vincega01
475,Nikola Vučević,C,33,CHI,31,31,1054,217,480,.452,34,121,.281,183,359,.510,.488,49,56,.875,85,236,321,106,26,23,52,81,517,vucevni01
476,Dean Wade,PF,27,CLE,27,20,594,48,119,.403,37,101,.366,11,18,.611,.559,11,14,.786,29,98,127,23,23,8,13,59,144,wadede01
477,Franz Wagner,SF,22,ORL,34,34,1135,262,561,.467,47,163,.288,215,398,.540,.509,138,162,.852,36,163,199,132,39,12,63,79,709,wagnefr01
478,Moritz Wagner,C,26,ORL,34,0,621,145,243,.597,17,54,.315,128,189,.677,.632,64,81,.790,53,95,148,41,15,11,45,76,371,wagnemo01
479,Ish Wainright,SF,29,POR,7,0,46,6,18,.333,6,16,.375,0,2,.000,.500,2,2,1.000,0,9,9,0,2,1,1,4,20,wainris01
480,Jabari Walker,SF,21,POR,33,0,622,95,196,.485,16,60,.267,79,136,.581,.526,59,77,.766,60,120,180,26,23,14,29,75,265,walkeja01
481,Jarace Walker,PF,20,IND,10,0,87,12,28,.429,3,11,.273,9,17,.529,.482,6,7,.857,1,11,12,11,4,3,3,11,33,walkeja02
482,Lonnie Walker IV,SG,25,BRK,17,0,362,88,180,.489,44,95,.463,44,85,.518,.611,29,38,.763,3,42,45,28,10,7,25,16,249,walkelo01
483,Cason Wallace,SG,20,OKC,33,6,712,89,166,.536,35,81,.432,54,85,.635,.642,16,19,.842,16,53,69,51,20,14,16,58,229,wallaca01
484,P.J. Washington,PF,25,CHO,29,13,853,146,342,.427,53,168,.315,93,174,.534,.504,45,59,.763,36,118,154,68,26,22,44,75,390,washipj01
485,TyTy Washington Jr.,PG,22,MIL,2,0,6,1,3,.333,1,2,.500,0,1,.000,.500,0,0,,0,1,1,0,1,0,2,0,3,washity02
486,Yuta Watanabe,SF,29,PHO,22,0,347,30,87,.345,23,70,.329,7,17,.412,.477,9,13,.692,10,31,41,10,7,7,14,31,92,watanyu01
487,Lindy Waters III,SG,26,OKC,12,0,95,14,31,.452,13,30,.433,1,1,1.000,.661,0,0,,1,9,10,7,0,1,1,8,41,waterli01
488,Trendon Watford,PF,23,BRK,25,0,339,65,121,.537,8,22,.364,57,99,.576,.570,24,29,.828,24,58,82,44,13,7,22,41,162,watfotr01
489,Peyton Watson,SF,21,DEN,34,2,603,91,176,.517,22,62,.355,69,114,.605,.580,33,49,.673,18,72,90,35,18,29,20,58,237,watsope01
490,Victor Wembanyama,PF,20,SAS,30,30,879,214,477,.449,44,151,.291,170,326,.521,.495,103,131,.786,65,239,304,85,36,96,97,69,575,wembavi01
491,Blake Wesley,SG,20,SAS,13,0,105,12,28,.429,0,5,.000,12,23,.522,.429,5,12,.417,3,6,9,23,5,1,3,15,29,weslebl01
492,Russell Westbrook,PG,35,LAC,33,10,785,150,323,.464,21,76,.276,129,247,.522,.497,49,76,.645,53,159,212,152,36,15,77,66,370,westbru01
493,Coby White,PG,23,CHI,36,36,1257,229,520,.440,103,262,.393,126,258,.488,.539,80,97,.825,16,138,154,174,26,9,72,91,641,whiteco01
494,Derrick White,SG,29,BOS,30,30,973,172,348,.494,84,199,.422,88,149,.591,.615,83,93,.892,22,96,118,159,36,38,52,64,511,whitede01
495,Cam Whitmore,SF,19,HOU,9,0,88,25,46,.543,9,21,.429,16,25,.640,.641,7,14,.500,4,15,19,3,5,1,4,9,66,whitmca01
496,Aaron Wiggins,SG,25,OKC,31,0,386,60,101,.594,16,33,.485,44,68,.647,.673,20,27,.741,20,53,73,24,13,3,17,34,156,wiggiaa01
497,Andrew Wiggins,SF,28,GSW,30,21,795,143,333,.429,29,97,.299,114,236,.483,.473,61,88,.693,56,74,130,38,11,12,47,71,376,wiggian01
498,Lindell Wigginton,PG,25,MIL,3,0,8,2,5,.400,0,2,.000,2,3,.667,.400,2,2,1.000,0,0,0,0,0,0,1,1,6,wiggili01
499,Brandon Williams,PG,24,DAL,2,0,13,2,4,.500,0,0,,2,4,.500,.500,0,2,.000,2,1,3,1,1,0,1,1,4,willibr03
500,Grant Williams,PF,25,DAL,32,27,894,96,230,.417,59,155,.381,37,75,.493,.546,24,37,.649,34,85,119,53,15,20,31,92,275,willigr01
501,Jalen Williams,PF,22,OKC,30,30,956,205,388,.528,40,92,.435,165,296,.557,.580,90,108,.833,11,102,113,118,32,15,55,81,540,willija06
502,Jaylin Williams,C,21,OKC,28,0,332,34,88,.386,19,56,.339,15,32,.469,.494,14,15,.933,13,79,92,39,10,6,10,45,101,willija07
503,Jeenathan Williams,SG,24,HOU,4,0,22,6,11,.545,0,2,.000,6,9,.667,.545,1,2,.500,0,0,0,2,1,0,0,2,13,willije02
504,Kenrich Williams,PF,29,OKC,22,0,343,42,86,.488,20,44,.455,22,42,.524,.605,3,10,.300,16,44,60,37,12,3,4,37,107,willike04
505,Mark Williams,C,22,CHO,19,19,508,98,151,.649,0,0,,98,151,.649,.649,46,64,.719,76,108,184,22,16,20,17,50,242,willima07
506,Patrick Williams,PF,22,CHI,36,26,988,135,298,.453,48,117,.410,87,181,.481,.534,43,56,.768,41,102,143,53,32,29,45,67,361,willipa01
507,Robert Williams,C,26,POR,6,0,119,17,26,.654,0,0,,17,26,.654,.654,7,9,.778,11,27,38,5,7,7,7,17,41,williro04
508,Vince Williams Jr.,SG,23,MEM,25,7,523,40,109,.367,28,85,.329,12,24,.500,.495,26,32,.813,24,100,124,41,12,15,21,58,134,willivi01
509,Ziaire Williams,SF,22,MEM,32,8,587,83,211,.393,35,105,.333,48,106,.453,.476,35,41,.854,19,94,113,42,14,9,38,52,236,willizi02
510,Zion Williamson,PF,23,NOP,29,29,887,253,431,.587,3,9,.333,250,422,.592,.590,133,201,.662,55,118,173,135,28,11,76,79,642,willizi01
511,Jalen Wilson,PF,23,BRK,11,0,104,16,32,.500,2,8,.250,14,24,.583,.531,15,15,1.000,15,9,24,9,3,1,3,9,49,wilsoja03
512,Dylan Windler,SF,27,NYK,3,0,7,1,2,.500,1,2,.500,0,0,,.750,0,0,,0,1,1,1,0,0,0,1,3,windldy01
513,James Wiseman,C,22,DET,23,0,330,66,93,.710,0,1,.000,66,92,.717,.710,17,26,.654,35,65,100,14,4,15,24,49,149,wisemja01
514,Christian Wood,PF,28,LAL,30,1,576,74,158,.468,23,72,.319,51,86,.593,.541,38,60,.633,28,138,166,31,5,19,37,45,209,woodch01
515,Delon Wright,PG,31,WAS,12,0,208,16,43,.372,5,17,.294,11,26,.423,.430,17,19,.895,4,25,29,44,17,3,9,10,54,wrighde01
516,Thaddeus Young,PF,35,TOR,7,0,31,6,10,.600,0,0,,6,10,.600,.600,1,3,.333,3,4,7,7,2,0,4,3,13,youngth01
517,Trae Young,PG,25,ATL,31,31,1132,270,618,.437,109,287,.380,161,331,.486,.525,225,261,.862,15,80,95,349,45,5,134,61,874,youngtr01
518,Omer Yurtseven,C,25,UTA,20,6,233,35,69,.507,3,13,.231,32,56,.571,.529,6,8,.750,30,58,88,13,4,10,19,31,79,yurtsom01
519,Cody Zeller,C,31,NOP,25,0,231,14,42,.333,0,1,.000,14,41,.341,.333,17,29,.586,29,42,71,27,4,3,8,31,45,zelleco01
520,Ivica Zubac,C,26,LAC,33,33,888,170,265,.642,0,0,,170,265,.642,.642,56,89,.629,103,210,313,39,7,45,38,95,396,zubaciv01
